Variable / Field Name,Form Name,Section Header,Field Type,Field Label,"Choices, Calculations, OR Slider Labels",Field Note,Text Validation Type OR Show Slider Number,Text Validation Min,Text Validation Max,Identifier?,Branching Logic (Show field only if...),Required Field?,Custom Alignment,Question Number (surveys only),Matrix Group Name,Matrix Ranking?,Field Annotation
ptid,neuropsych_c2,,text,ADC Subject ID,,,,8,10,y,,y,,,,,
visitmo_c2,neuropsych_c2,,text,Visit Date - month ,,e.g. 1 -12,number,1,12,y,,y,,,,,
visitday_c2,neuropsych_c2,,text,Visit Date - day ,,e.g 1 - 31,number,1,31,y,,y,,,,,
visityr_c2,neuropsych_c2,,text,Visit Date - year (####),,e.g. 2014,number,,,,,y,,,,,
initials_c2,neuropsych_c2,,text,Examiner's Initials (XXX),,,alpha_only,,,,,y,,,,,
instructions_c2,neuropsych_c2,<center>NACC Uniform Data Set (UDS) - <font color=blue>INITIAL VISIT</font color=blue><hr><center>FORM C2: Neuropsychological Battery Scores<hr></center>,descriptive,"<i>INSTRUCCIONES: Este formulario se debe completar por el personal clínico del ADC. Para dudas sobre la administración y puntuación de las pruebas, véase las instrucciones para la Batería Neuropsicológica, Formulario C2. Los sujetos que se agregaron al estudio después de la implementación del UDS3 deberán ser evaluados con la nueva batería neuropsicológica
(Formulario C2).</i>Link to <a href=""https://www.alz.washington.edu/NONMEMBER/UDS/DOCS/VER3/UDS3_npsych_instructions_C2.pdf"" target=""_blank""> NACC Coding Guidebook </a>",,,,,,,,,,,,,
note_c2,neuropsych_c2,,descriptive,"<b>CLAVE:</b> Si el sujeto no puede completar cualquiera de las siguientes pruebas, por favor proporcione la razón ingresando uno de los siguientes códigos:
<b>95/995=Problema físico 96/996=Problema cognitivo/ conductual  97/997=Otro problema  98/998=Rechazo verbal</b>",,,,,,,,,,,,,
mocacomp,neuropsych_c2,1. Evaluación Cognitiva de Montreal (MoCA),radio,1a. ¿Se administró alguna parte del MoCA?,"0, 0 No <i>(If No, enter reason code, 95-98) below in Question 1a1 and </i> <b> (SKIP TO QUESTION 2a)</b> | 1, 1 Sí<b> (CONTINUE WITH QUESTION 1b)</b>",,,,,,,y,,,,,
mocareas,neuropsych_c2,,dropdown,"1a1. ¿Se administró alguna parte del MoCA?  Si no, (Inique el codigo, 95-98)","95, 95 = Problema físico | 96, 96 = Problema cognitivo/ conductual | 97, 97 = Otro problema | 98, 98 = Rechazo verbal",,,,,,[mocacomp] = '0',y,,,,,
mocaloc,neuropsych_c2,,radio,1b. El MoCA fue administrado:,"1, 1 En el ADC o clínica | 2, 2 En la casa del sujeto | 3, 3 En persona - otra",,,,,,[mocacomp] = '1',y,LV,,,,
mocalan,neuropsych_c2,,radio,1c. Idioma de administración del MoCA:,"1, 1 Inglés | 2, 2 Español | 3, 3 Otro (ESPECIFICAR):",,,,,,[mocacomp] = '1',y,LV,,,,
mocalanx,neuropsych_c2,,text,1c1. Idioma de administración del MoCA: - Otro- especificar,,,,,,,[mocacomp] = '1' and [mocalan] = '3',y,,,,,
mocavis,neuropsych_c2,,radio,1d. El sujeto no pudo completar una o mas secciones debido a un problema visual:,"0, 0 No | 1, 1 Sí",,,,,,[mocacomp] = '1',,RH,,,,
mocahear,neuropsych_c2,,radio,1e. El sujeto no pudo completar una o mas secciones debido a un problema auditivo:,"0, 0 No | 1, 1 Sí",,,,,,[mocacomp] = '1',,RH,,,,
mocatots,neuropsych_c2,,dropdown,"1f. PUNTAJE TOTAL CRUDO (no corregido en base a la escolaridad o a problemas visuales o auditivos): <i>Ingrese 88 si alguno de los siguientes ítems del MoCA no fueron administrados: 1g-1l, 1n-1t, 1w-1bb)</i>","0, 0 | 1, 1 | 2, 2 | 3, 3 | 4, 4 | 5, 5 | 6, 6 | 7, 7 | 8, 8 | 9, 9 | 10, 10 | 11, 11 | 12, 12 | 13, 13 | 14, 14 | 15, 15 | 16, 16 | 17, 17 | 18, 18 | 19, 19 | 20, 20 | 21, 21 | 22, 22 | 23, 23 | 24, 24 | 25, 25 | 26, 26 | 27, 27 | 28, 28 | 29, 29 | 30, 30 | 88, 88 = No administrado","(0-30, 88 = item not administered)",,,,,[mocacomp] = '1',,,,,,
alert_mocotats,neuropsych_c2,,descriptive,<font color=green>Key MOCA questions were not administered so the Total Raw Score-Uncorrected should be 88.</font>,,,,,,,[mocatrai] = '95' or [mocatrai] = '96' or [mocatrai] = '97' or [mocatrai] = '98' or [mocacube] = '95' or [mocacube] = '96' or [mocacube] = '97' or [mocacube] = '98' or [mocacloc] = '95' or [mocacloc] = '96' or [mocacloc] = '97' or [mocacloc] = '98' or [mocaclon] = '95' or [mocaclon] = '96' or [mocaclon] = '97' or [mocaclon] = '98' or [mocacloh] = '95' or [mocacloh] = '96' or [mocacloh] = '97' or [mocacloh] = '98' or [mocanami] = '95' or [mocanami] = '96' or [mocanami] = '97' or [mocanami] = '98' or [mocadigi] = '95' or [mocadigi] = '96' or [mocadigi] = '97' or [mocadigi] = '98' or [mocalett] = '95' or [mocalett] = '96' or [mocalett] = '97' or [mocalett] = '98' or [mocaser7] = '95' or [mocaser7] = '96' or [mocaser7] = '97' or [mocaser7] = '98' or [mocarepe] = '95' or [mocarepe] = '96' or [mocarepe] = '97' or [mocarepe] = '98' or [mocaflue] = '95' or [mocaflue] = '96' or [mocaflue] = '97' or [mocaflue] = '98' or [mocaabst] = '95' or [mocaabst] = '96' or [mocaabst] = '97' or [mocaabst] = '98' or [mocarecn] = '95' or [mocarecn] = '96' or [mocarecn] = '97' or [mocarecn] = '98' or [mocaordt] = '95' or [mocaordt] = '96' or [mocaordt] = '97' or [mocaordt] = '98' or [mocaormo] = '95' or [mocaormo] = '96' or [mocaormo] = '97' or [mocaormo] = '98' or [mocaoryr] = '95' or [mocaoryr] = '96' or [mocaoryr] = '97' or [mocaoryr] = '98' or [mocaordy] = '95' or [mocaordy] = '96' or [mocaordy] = '97' or [mocaordy] = '98' or [mocaorpl] = '95' or [mocaorpl] = '96' or [mocaorpl] = '97' or [mocaorpl] = '98' or [mocaorct] = '95' or [mocaorct] = '96' or [mocaorct] = '97' or [mocaorct] = '98',,,,,,
mocatrai,neuropsych_c2,,dropdown,1g. Visuoespacial/ejecutiva - Rastreo,"0, 0 | 1, 1 | 95, 95 = Problema físico | 96, 96 = Problema cognitivo/ conductual | 97, 97 = Otro problema | 98, 98 = Rechazo verbal","(0-1, 95-98)",,,,,[mocacomp] = '1',,,,,,
mocacube,neuropsych_c2,,dropdown,1h. Visuoespacial/ejecutiva - Cubo,"0, 0 | 1, 1 | 95, 95 = Problema físico | 96, 96 = Problema cognitivo/ conductual | 97, 97 = Otro problema | 98, 98 = Rechazo verbal","(0-1, 95-98)",,,,,[mocacomp] = '1',,,,,,
mocacloc,neuropsych_c2,,dropdown,1i. Visuoespacial/ejecutiva - Contorno del reloj,"0, 0 | 1, 1 | 95, 95 = Problema físico | 96, 96 = Problema cognitivo/ conductual | 97, 97 = Otro problema | 98, 98 = Rechazo verbal","(0-1, 95-98)",,,,,[mocacomp] = '1',,,,,,
mocaclon,neuropsych_c2,,dropdown,1j.  Visuoespacial/ejecutiva - Números del reloj,"0, 0 | 1, 1 | 95, 95 = Problema físico | 96, 96 = Problema cognitivo/ conductual | 97, 97 = Otro problema | 98, 98 = Rechazo verbal","(0-1, 95-98)",,,,,[mocacomp] = '1',,,,,,
mocacloh,neuropsych_c2,,dropdown,1k. Visuoespacial/ejecutiva - Manecillas del reloj,"0, 0 | 1, 1 | 95, 95 = Problema físico | 96, 96 = Problema cognitivo/ conductual | 97, 97 = Otro problema | 98, 98 = Rechazo verbal","(0-1, 95-98)",,,,,[mocacomp] = '1',,,,,,
mocanami,neuropsych_c2,,dropdown,1l.  Lenguaje - Denominación,"0, 0 | 1, 1 | 2, 2 | 3, 3 | 95, 95 = Problema físico | 96, 96 = Problema cognitivo/ conductual | 97, 97 = Otro problema | 98, 98 = Rechazo verbal","(0-3, 95-98)",,,,,[mocacomp] = '1',,,,,,
mocaregi,neuropsych_c2,,dropdown,1m. Memoria - Registro (dos intentos),"0, 0 | 1, 1 | 2, 2 | 3, 3 | 4, 4 | 5, 5 | 6, 6 | 7, 7 | 8, 8 | 9, 9 | 10, 10 | 95, 95 = Problema físico | 96, 96 = Problema cognitivo/ conductual | 97, 97 = Otro problema | 98, 98 = Rechazo verbal","(0-10, 95-98)",,,,,[mocacomp] = '1',,,,,,
mocadigi,neuropsych_c2,,dropdown,1n. Atención - Serie de números,"0, 0 | 1, 1 | 2, 2 | 95, 95 = Problema físico | 96, 96 = Problema cognitivo/ conductual | 97, 97 = Otro problema | 98, 98 = Rechazo verbal","(0-2, 95-98)",,,,,[mocacomp] = '1',,,,,,
mocalett,neuropsych_c2,,dropdown,1o. Atención - Letra A,"0, 0 | 1, 1 | 95, 95 = Problema físico | 96, 96 = Problema cognitivo/ conductual | 97, 97 = Otro problema | 98, 98 = Rechazo verbal","(0-1, 95-98)",,,,,[mocacomp] = '1',,,,,,
mocaser7,neuropsych_c2,,dropdown,1p. Atención - Serie de 7s,"0, 0 | 1, 1 | 2, 2 | 3, 3 | 95, 95 = Problema físico | 96, 96 = Problema cognitivo/ conductual | 97, 97 = Otro problema | 98, 98 = Rechazo verbal","(0-3, 95-98)",,,,,[mocacomp] = '1',,,,,,
mocarepe,neuropsych_c2,,dropdown,1q. Lenguaje - Repetición,"0, 0 | 1, 1 | 2, 2 | 95, 95 = Problema físico | 96, 96 = Problema cognitivo/ conductual | 97, 97 = Otro problema | 98, 98 = Rechazo verbal","(0-2, 95-98)",,,,,[mocacomp] = '1',,,,,,
mocaflue,neuropsych_c2,,dropdown,1r. Lenguaje - Fluidez,"0, 0 | 1, 1 | 95, 95 = Problema físico | 96, 96 = Problema cognitivo/ conductual | 97, 97 = Otro problema | 98, 98 = Rechazo verbal","(0-1, 95-98)",,,,,[mocacomp] = '1',,,,,,
mocaabst,neuropsych_c2,,dropdown,1s. Abstracción,"0, 0 | 1, 1 | 2, 2 | 95, 95 = Problema físico | 96, 96 = Problema cognitivo/ conductual | 97, 97 = Otro problema | 98, 98 = Rechazo verbal","(0-2, 95-98)",,,,,[mocacomp] = '1',,,,,,
mocarecn,neuropsych_c2,,dropdown,1t. Recuerdo diferido - Sin pistas,"0, 0 | 1, 1 | 2, 2 | 3, 3 | 4, 4 | 5, 5 | 95, 95 = Problema físico | 96, 96 = Problema cognitivo/ conductual | 97, 97 = Otro problema | 98, 98 = Rechazo verbal","(0-5, 95-98)",,,,,[mocacomp] = '1',,,,,,
mocarecc,neuropsych_c2,,dropdown,1u. Recuerdo diferido - Pista de categoría,"0, 0 | 1, 1 | 2, 2 | 3, 3 | 4, 4 | 5, 5 | 88, 88 = No aplica",(0-5; 88=not applicable),,,,,[mocacomp] = '1',,,,,,
mocarecr,neuropsych_c2,,dropdown,1v. Recuerdo diferido - Reconocimiento (pista de opción múltiple),"0, 0 | 1, 1 | 2, 2 | 3, 3 | 4, 4 | 5, 5 | 88, 88 = No aplica",(0-5; 88=not applicable),,,,,[mocacomp] = '1',,,,,,
mocaordt,neuropsych_c2,,dropdown,1w. Orientación - Fecha (día del mes),"0, 0 | 1, 1 | 95, 95 = Problema físico | 96, 96 = Problema cognitivo/ conductual | 97, 97 = Otro problema | 98, 98 = Rechazo verbal","(0-1, 95-98)",,,,,[mocacomp] = '1',,,,,,
mocaormo,neuropsych_c2,,dropdown,1x. Orientación - Mes,"0, 0 | 1, 1 | 95, 95 = Problema físico | 96, 96 = Problema cognitivo/ conductual | 97, 97 = Otro problema | 98, 98 = Rechazo verbal","(0-1, 95-98)",,,,,[mocacomp] = '1',,,,,,
mocaoryr,neuropsych_c2,,dropdown,1y. Orientación - Año,"0, 0 | 1, 1 | 95, 95 = Problema físico | 96, 96 = Problema cognitivo/ conductual | 97, 97 = Otro problema | 98, 98 = Rechazo verbal","(0-1, 95-98)",,,,,[mocacomp] = '1',,,,,,
mocaordy,neuropsych_c2,,dropdown,1z. Orientación - Día de la semana,"0, 0 | 1, 1 | 95, 95 = Problema físico | 96, 96 = Problema cognitivo/ conductual | 97, 97 = Otro problema | 98, 98 = Rechazo verbal","(0-1, 95-98)",,,,,[mocacomp] = '1',,,,,,
mocaorpl,neuropsych_c2,,dropdown,1aa. Orientación - Lugar,"0, 0 | 1, 1 | 95, 95 = Problema físico | 96, 96 = Problema cognitivo/ conductual | 97, 97 = Otro problema | 98, 98 = Rechazo verbal","(0-1, 95-98)",,,,,[mocacomp] = '1',,,,,,
mocaorct,neuropsych_c2,,dropdown,1bb. Orientación - Ciudad,"0, 0 | 1, 1 | 95, 95 = Problema físico | 96, 96 = Problema cognitivo/ conductual | 97, 97 = Otro problema | 98, 98 = Rechazo verbal","(0-1, 95-98)",,,,,[mocacomp] = '1',,,,,,
npsycloc,neuropsych_c2,2. ADMINISTRACIÓN DEL RESTO DE LA BATERÍA,radio,2a. El resto de las pruebas posteriores al MOCA fueron administradas:,"1, 1 En el ADC o clinica | 2, 2 En la casa del sujeto | 3, 3 En persona - otra",,,,,,,y,LV,,,,
npsylan,neuropsych_c2,,radio,2b. RESTO DE LA BATERÍA:  Idioma de administración:,"1, 1 Inglés | 2, 2 Español | 3, 3 Otro (ESPECIFICAR):",,,,,,,y,LV,,,,
npsylanx,neuropsych_c2,,text,2b1. Otro idioma del resto de la administración de la batería:,,,,,,,[c2_npsylan] = '3',,,,,,
craftvrs,neuropsych_c2,3. Historia de Craft 21 (Recuerdo inmediato),dropdown,"3a. Número total de unidades recordadas, puntaje textual (<i>If test not completed, enter reason code, 95-98, and </i><b>SKIP TO QUESTION 4a.</b>)","0, 0 | 1, 1 | 2, 2 | 3, 3 | 4, 4 | 5, 5 | 6, 6 | 7, 7 | 8, 8 | 9, 9 | 10, 10 | 11, 11 | 12, 12 | 13, 13 | 14, 14 | 15, 15 | 16, 16 | 17, 17 | 18, 18 | 19, 19 | 20, 20 | 21, 21 | 22, 22 | 23, 23 | 24, 24 | 25, 25 | 26, 26 | 27, 27 | 28, 28 | 29, 29 | 30, 30 | 31, 31 | 32, 32 | 33, 33 | 34, 34 | 35, 35 | 36, 36 | 37, 37 | 38, 38 | 39, 39 | 40, 40 | 41, 41 | 42, 42 | 43, 43 | 44, 44 | 95, 95 = Problema físico | 96, 96 = Problema cognitivo/ conductual | 97, 97 = Otro problema | 98, 98 = Rechazo verbal","(0-44, 95-98)",,,,,,y,,,,,
crafturs,neuropsych_c2,,dropdown,"3b. Número total de unidades recordadas, puntaje de parafraseo (0-25)","0, 0 | 1, 1 | 2, 2 | 3, 3 | 4, 4 | 5, 5 | 6, 6 | 7, 7 | 8, 8 | 9, 9 | 10, 10 | 11, 11 | 12, 12 | 13, 13 | 14, 14 | 15, 15 | 16, 16 | 17, 17 | 18, 18 | 19, 19 | 20, 20 | 21, 21 | 22, 22 | 23, 23 | 24, 24 | 25, 25",,,,,,[craftvrs] = '0' or [craftvrs] = '1' or [craftvrs] = '2' or [craftvrs] = '3' or [craftvrs] = '4' or [craftvrs] = '5' or [craftvrs] = '6'  or [craftvrs] = '7' or [craftvrs] = '8' or [craftvrs] = '9' or [craftvrs] = '10' or [craftvrs] = '11' or [craftvrs] = '12' or [craftvrs] = '13' or [craftvrs] = '14' or [craftvrs] = '15' or [craftvrs] = '16' or [craftvrs] = '17' or [craftvrs] = '18' or [craftvrs] = '19' or [craftvrs] = '20' or [craftvrs] = '21' or [craftvrs] = '22' or [craftvrs] = '23' or [craftvrs] = '24' or [craftvrs] = '25' or [craftvrs] = '26' or [craftvrs] = '27' or [craftvrs] = '28' or [craftvrs] = '29' or [craftvrs] = '30' or [craftvrs] = '31' or [craftvrs] = '32' or [craftvrs] = '33' or [craftvrs] = '34' or [craftvrs] = '35' or [craftvrs] = '36' or [craftvrs] = '37' or [craftvrs] = '38' or [craftvrs] = '39' or [craftvrs] = '40' or [craftvrs] = '41' or [craftvrs] = '42' or [craftvrs] = '43' or [craftvrs] = '44',,,,,,
udsbentc,neuropsych_c2,4. Copia de la Figura Compleja de Benson,dropdown,"4a. Puntaje total para la copia de la figura de Benson <i>(If test not completed, enter reason code, 95-98)</i>","0, 0 | 1, 1 | 2, 2 | 3, 3 | 4, 4 | 5, 5 | 6, 6 | 7, 7 | 8, 8 | 9, 9 | 10, 10 | 11, 11 | 12, 12 | 13, 13 | 14, 14 | 15, 15 | 16, 16 | 17, 17 | 95, 95 = Problema físico | 96, 96 = Problema cognitivo/ conductual | 97, 97 = Otro problema | 98, 98 = Rechazo verbal","(0-17, 95-98)",,,,,,y,,,,,
digforct,neuropsych_c2,5.  Retención de Dígitos: En Orden,dropdown,"5a. Número de series correctas <i>(If test not completed, enter reason code, 95-98, and </i><b>SKIP TO QUESTION 6a.)","0, 0 | 1, 1 | 2, 2 | 3, 3 | 4, 4 | 5, 5 | 6, 6 | 7, 7 | 8, 8 | 9, 9 | 10, 10 | 11, 11 | 12, 12 | 13, 13 | 14, 14 | 95, 95 = Problema físico | 96, 96 = Problema cognitivo/ conductual | 97, 97 = Otro problema | 98, 98 = Rechazo verbal","(0-14, 95-98)",,,,,,y,,,,,
digforsl,neuropsych_c2,,dropdown,5b. Longitud de la serie correcta más larga,"0, 0 | 3, 3 | 4, 4 | 5, 5 | 6, 6 | 7, 7 | 8, 8 | 9, 9","0, 3-9",,,,,[digforct] = '0' or [digforct] = '1' or [digforct] = '2' or [digforct] = '3' or [digforct] = '4' or [digforct] = '5' or [digforct] = '6' or [digforct] = '7' or [digforct] = '8' or [digforct] = '9' or [digforct] = '10' or [digforct] = '11' or [digforct] = '12' or [digforct] = '13' or [digforct] = '14',,,,,,
digbacct,neuropsych_c2,6. Retención de Dígitos: Orden Inverso,dropdown,"6a. Número de series correctas <i>(If test not completed, enter reason code, 95-98, and </i><b>SKIP TO QUESTION 7a.)","0, 0 | 1, 1 | 2, 2 | 3, 3 | 4, 4 | 5, 5 | 6, 6 | 7, 7 | 8, 8 | 9, 9 | 10, 10 | 11, 11 | 12, 12 | 13, 13 | 14, 14 | 95, 95 = Problema físico | 96, 96 = Problema cognitivo/ conductual | 97, 97 = Otro problema | 98, 98 = Rechazo verbal","(0-14, 95-98)",,,,,,y,,,,,
digbacls,neuropsych_c2,,dropdown,6b. Longitud de la serie correcta más larga,"0, 0 | 2, 2 | 3, 3 | 4, 4 | 5, 5 | 6, 6 | 7, 7 | 8, 8","0, 2-8",,,,,[digbacct] = '0' or [digbacct] = '1' or [digbacct] = '2' or [digbacct] = '3' or [digbacct] = '4' or [digbacct] = '5' or [digbacct] = '6' or [digbacct] = '7' or [digbacct] = '8' or [digbacct] = '9' or [digbacct] = '10' or [digbacct] = '11' or [digbacct] = '12' or [digbacct] = '13' or [digbacct] = '14',,,,,,
animals,neuropsych_c2,7. Fluidez Verbal de Categorías,dropdown,"7a.  Animales: número total de animales generados en 60 segundos (If test not completed, enter reason code, 95-98","0, 0 | 1, 1 | 2, 2 | 3, 3 | 4, 4 | 5, 5 | 6, 6 | 7, 7 | 8, 8 | 9, 9 | 10, 10 | 11, 11 | 12, 12 | 13, 13 | 14, 14 | 15, 15 | 16, 16 | 17, 17 | 18, 18 | 19, 19 | 20, 20 | 21, 21 | 22, 22 | 23, 23 | 24, 24 | 25, 25 | 26, 26 | 27, 27 | 28, 28 | 29, 29 | 30, 30 | 31, 31 | 32, 32 | 33, 33 | 34, 34 | 35, 35 | 36, 36 | 37, 37 | 38, 38 | 39, 39 | 40, 40 | 41, 41 | 42, 42 | 43, 43 | 44, 44 | 45, 45 | 46, 46 | 47, 47 | 48, 48 | 49, 49 | 50, 50 | 51, 51 | 52, 52 | 53, 53 | 54, 54 | 55, 55 | 56, 56 | 57, 57 | 58, 58 | 59, 59 | 60, 60 | 61, 61 | 62, 62 | 63, 63 | 64, 64 | 65, 65 | 66, 66 | 67, 67 | 68, 68 | 69, 69 | 70, 70 | 71, 71 | 72, 72 | 73, 73 | 74, 74 | 75, 75 | 76, 76 | 77, 77 | 95, 95 = Problema físico | 96, 96 = Problema cognitivo/ conductual | 97, 97 = Otro problema | 98, 98 = Rechazo verbal","0-77, 95-98",,,,,,y,,,,,
veg,neuropsych_c2,,dropdown,"7b.  Vegetales: número total de vegetales generados en 60 segundos (If test not completed, enter reason code, 95-98","0, 0 | 1, 1 | 2, 2 | 3, 3 | 4, 4 | 5, 5 | 6, 6 | 7, 7 | 8, 8 | 9, 9 | 10, 10 | 11, 11 | 12, 12 | 13, 13 | 14, 14 | 15, 15 | 16, 16 | 17, 17 | 18, 18 | 19, 19 | 20, 20 | 21, 21 | 22, 22 | 23, 23 | 24, 24 | 25, 25 | 26, 26 | 27, 27 | 28, 28 | 29, 29 | 30, 30 | 31, 31 | 32, 32 | 33, 33 | 34, 34 | 35, 35 | 36, 36 | 37, 37 | 38, 38 | 39, 39 | 40, 40 | 41, 41 | 42, 42 | 43, 43 | 44, 44 | 45, 45 | 46, 46 | 47, 47 | 48, 48 | 49, 49 | 50, 50 | 51, 51 | 52, 52 | 53, 53 | 54, 54 | 55, 55 | 56, 56 | 57, 57 | 58, 58 | 59, 59 | 60, 60 | 61, 61 | 62, 62 | 63, 63 | 64, 64 | 65, 65 | 66, 66 | 67, 67 | 68, 68 | 69, 69 | 70, 70 | 71, 71 | 72, 72 | 73, 73 | 74, 74 | 75, 75 | 76, 76 | 77, 77 | 95, 95 = Problema físico | 96, 96 = Problema cognitivo/ conductual | 97, 97 = Otro problema | 98, 98 = Rechazo verbal","0-77, 95-98",,,,,,y,,,,,
traila,neuropsych_c2,8. Prueba de Rastreo TMT,dropdown,"8a. PARTE A: Número total de segundos para completar la prueba (if not finished by 150 seconds, enter 150) <i>(If test not completed, enter reason code, 995-998, and </i><b>SKIP TO QUESTION 8b.)</b>","0, 0 | 1, 1 | 2, 2 | 3, 3 | 4, 4 | 5, 5 | 6, 6 | 7, 7 | 8, 8 | 9, 9 | 10, 10 | 11, 11 | 12, 12 | 13, 13 | 14, 14 | 15, 15 | 16, 16 | 17, 17 | 18, 18 | 19, 19 | 20, 20 | 21, 21 | 22, 22 | 23, 23 | 24, 24 | 25, 25 | 26, 26 | 27, 27 | 28, 28 | 29, 29 | 30, 30 | 31, 31 | 32, 32 | 33, 33 | 34, 34 | 35, 35 | 36, 36 | 37, 37 | 38, 38 | 39, 39 | 40, 40 | 41, 41 | 42, 42 | 43, 43 | 44, 44 | 45, 45 | 46, 46 | 47, 47 | 48, 48 | 49, 49 | 50, 50 | 51, 51 | 52, 52 | 53, 53 | 54, 54 | 55, 55 | 56, 56 | 57, 57 | 58, 58 | 59, 59 | 60, 60 | 61, 61 | 62, 62 | 63, 63 | 64, 64 | 65, 65 | 66, 66 | 67, 67 | 68, 68 | 69, 69 | 70, 70 | 71, 71 | 72, 72 | 73, 73 | 74, 74 | 75, 75 | 76, 76 | 77, 77 | 78, 78 | 79, 79 | 80, 80 | 81, 81 | 82, 82 | 83, 83 | 84, 84 | 85, 85 | 86, 86 | 87, 87 | 88, 88 | 89, 89 | 90, 90 | 91, 91 | 92, 92 | 93, 93 | 94, 94 | 95, 95 = Problema físico | 96, 96 = Problema cognitivo/ conductual | 97, 97 = Otro problema | 98, 98 = Rechazo verbal | 99, 99 | 100, 100 | 101, 101 | 102, 102 | 103, 103 | 104, 104 | 105, 105 | 106, 106 | 107, 107 | 108, 108 | 109, 109 | 110, 110 | 111, 111 | 112, 112 | 113, 113 | 114, 114 | 115, 115 | 116, 116 | 117, 117 | 118, 118 | 119, 119 | 120, 120 | 121, 121 | 122, 122 | 123, 123 | 124, 124 | 125, 125 | 126, 126 | 127, 127 | 128, 128 | 129, 129 | 130, 130 | 131, 131 | 132, 132 | 133, 133 | 134, 134 | 135, 135 | 136, 136 | 137, 137 | 138, 138 | 139, 139 | 140, 140 | 141, 141 | 142, 142 | 143, 143 | 144, 144 | 145, 145 | 146, 146 | 147, 147 | 148, 148 | 149, 149 | 150, 150","0-150, 995-998",,,,,,y,,,,,
trailarr,neuropsych_c2,,dropdown,8a1. Número de errores de comisión,"0, 0 | 1, 1 | 2, 2 | 3, 3 | 4, 4 | 5, 5 | 6, 6 | 7, 7 | 8, 8 | 9, 9 | 10, 10 | 11, 11 | 12, 12 | 13, 13 | 14, 14 | 15, 15 | 16, 16 | 17, 17 | 18, 18 | 19, 19 | 20, 20 | 21, 21 | 22, 22 | 23, 23 | 24, 24 | 25, 25 | 26, 26 | 27, 27 | 28, 28 | 29, 29 | 30, 30 | 31, 31 | 32, 32 | 33, 33 | 34, 34 | 35, 35 | 36, 36 | 37, 37 | 38, 38 | 39, 39 | 40, 40",0-40,,,,,[c2_traila] = '0' or [c2_traila] = '1' or [c2_traila] = '2' or  [c2_traila] = '3' or  [c2_traila] = '4' or  [c2_traila] = '5' or  [c2_traila] = '6' or  [c2_traila] = '7' or  [c2_traila] = '8' or  [c2_traila] = '9' or  [c2_traila] = '10' or  [c2_traila] = '11' or  [c2_traila] = '12' or  [c2_traila] = '13' or  [c2_traila] = '14' or  [c2_traila] = '15' or  [c2_traila] = '16' or  [c2_traila] = '17' or  [c2_traila] = '18' or  [c2_traila] = '19' or  [c2_traila] = '20' or  [c2_traila] = '21' or  [c2_traila] = '22' or  [c2_traila] = '23' or  [c2_traila] = '24' or  [c2_traila] = '25' or  [c2_traila] = '26' or  [c2_traila] = '27' or  [c2_traila] = '28' or  [c2_traila] = '29' or  [c2_traila] = '30' or  [c2_traila] = '31' or  [c2_traila] = '32' or  [c2_traila] = '33' or  [c2_traila] = '34' or  [c2_traila] = '35' or  [c2_traila] = '36' or  [c2_traila] = '37' or  [c2_traila] = '38' or  [c2_traila] = '39' or  [c2_traila] = '40' or  [c2_traila] = '41' or  [c2_traila] = '42' or  [c2_traila] = '43' or  [c2_traila] = '44' or  [c2_traila] = '45' or  [c2_traila] = '46' or  [c2_traila] = '47' or  [c2_traila] = '48' or  [c2_traila] = '49' or  [c2_traila] = '50' or  [c2_traila] = '51' or  [c2_traila] = '52' or  [c2_traila] = '53' or  [c2_traila] = '54' or  [c2_traila] = '55' or  [c2_traila] = '56' or  [c2_traila] = '57' or  [c2_traila] = '58' or  [c2_traila] = '59' or  [c2_traila] = '60' or  [c2_traila] = '61' or  [c2_traila] = '62' or  [c2_traila] = '63' or  [c2_traila] = '64' or  [c2_traila] = '65' or  [c2_traila] = '66' or  [c2_traila] = '67' or  [c2_traila] = '68' or  [c2_traila] = '69' or  [c2_traila] = '70' or  [c2_traila] = '71' or  [c2_traila] = '72' or  [c2_traila] = '73' or  [c2_traila] = '74' or  [c2_traila] = '75' or  [c2_traila] = '76' or  [c2_traila] = '77' or  [c2_traila] = '78' or  [c2_traila] = '79' or  [c2_traila] = '80' or  [c2_traila] = '81' or  [c2_traila] = '82' or  [c2_traila] = '83' or  [c2_traila] = '84' or  [c2_traila] = '85' or  [c2_traila] = '86' or  [c2_traila] = '87' or  [c2_traila] = '88' or  [c2_traila] = '89' or  [c2_traila] = '90' or  [c2_traila] = '91' or  [c2_traila] = '92' or  [c2_traila] = '93' or  [c2_traila] = '94' or  [c2_traila] = '95' or  [c2_traila] = '96' or  [c2_traila] = '97' or  [c2_traila] = '98' or  [c2_traila] = '99' or  [c2_traila] = '100' or  [c2_traila] = '101' or  [c2_traila] = '102' or  [c2_traila] = '103' or  [c2_traila] = '104' or  [c2_traila] = '105' or  [c2_traila] = '106' or  [c2_traila] = '107' or  [c2_traila] = '108' or  [c2_traila] = '109' or  [c2_traila] = '110' or  [c2_traila] = '111' or  [c2_traila] = '112' or  [c2_traila] = '113' or  [c2_traila] = '114' or  [c2_traila] = '115' or  [c2_traila] = '116' or  [c2_traila] = '117' or  [c2_traila] = '118' or  [c2_traila] = '119' or  [c2_traila] = '120' or  [c2_traila] = '121' or  [c2_traila] = '122' or  [c2_traila] = '123' or  [c2_traila] = '124' or  [c2_traila] = '125' or  [c2_traila] = '126' or  [c2_traila] = '127' or  [c2_traila] = '128' or  [c2_traila] = '129' or  [c2_traila] = '130' or  [c2_traila] = '131' or  [c2_traila] = '132' or  [c2_traila] = '133' or  [c2_traila] = '134' or  [c2_traila] = '135' or  [c2_traila] = '136' or  [c2_traila] = '137' or  [c2_traila] = '138' or  [c2_traila] = '139' or  [c2_traila] = '140' or  [c2_traila] = '141' or  [c2_traila] = '142' or  [c2_traila] = '143' or  [c2_traila] = '144' or  [c2_traila] = '145' or  [c2_traila] = '146' or  [c2_traila] = '147' or  [c2_traila] = '148' or  [c2_traila] = '149' or  [c2_traila] = '150',,,,,,
trailali,neuropsych_c2,,dropdown,8a2. Número de líneas correctas,"0, 0 | 1, 1 | 2, 2 | 3, 3 | 4, 4 | 5, 5 | 6, 6 | 7, 7 | 8, 8 | 9, 9 | 10, 10 | 11, 11 | 12, 12 | 13, 13 | 14, 14 | 15, 15 | 16, 16 | 17, 17 | 18, 18 | 19, 19 | 20, 20 | 21, 21 | 22, 22 | 23, 23 | 24, 24",0-24,,,,,[c2_traila] = '0' or [c2_traila] = '1' or [c2_traila] = '2' or  [c2_traila] = '3' or  [c2_traila] = '4' or  [c2_traila] = '5' or  [c2_traila] = '6' or  [c2_traila] = '7' or  [c2_traila] = '8' or  [c2_traila] = '9' or  [c2_traila] = '10' or  [c2_traila] = '11' or  [c2_traila] = '12' or  [c2_traila] = '13' or  [c2_traila] = '14' or  [c2_traila] = '15' or  [c2_traila] = '16' or  [c2_traila] = '17' or  [c2_traila] = '18' or  [c2_traila] = '19' or  [c2_traila] = '20' or  [c2_traila] = '21' or  [c2_traila] = '22' or  [c2_traila] = '23' or  [c2_traila] = '24' or  [c2_traila] = '25' or  [c2_traila] = '26' or  [c2_traila] = '27' or  [c2_traila] = '28' or  [c2_traila] = '29' or  [c2_traila] = '30' or  [c2_traila] = '31' or  [c2_traila] = '32' or  [c2_traila] = '33' or  [c2_traila] = '34' or  [c2_traila] = '35' or  [c2_traila] = '36' or  [c2_traila] = '37' or  [c2_traila] = '38' or  [c2_traila] = '39' or  [c2_traila] = '40' or  [c2_traila] = '41' or  [c2_traila] = '42' or  [c2_traila] = '43' or  [c2_traila] = '44' or  [c2_traila] = '45' or  [c2_traila] = '46' or  [c2_traila] = '47' or  [c2_traila] = '48' or  [c2_traila] = '49' or  [c2_traila] = '50' or  [c2_traila] = '51' or  [c2_traila] = '52' or  [c2_traila] = '53' or  [c2_traila] = '54' or  [c2_traila] = '55' or  [c2_traila] = '56' or  [c2_traila] = '57' or  [c2_traila] = '58' or  [c2_traila] = '59' or  [c2_traila] = '60' or  [c2_traila] = '61' or  [c2_traila] = '62' or  [c2_traila] = '63' or  [c2_traila] = '64' or  [c2_traila] = '65' or  [c2_traila] = '66' or  [c2_traila] = '67' or  [c2_traila] = '68' or  [c2_traila] = '69' or  [c2_traila] = '70' or  [c2_traila] = '71' or  [c2_traila] = '72' or  [c2_traila] = '73' or  [c2_traila] = '74' or  [c2_traila] = '75' or  [c2_traila] = '76' or  [c2_traila] = '77' or  [c2_traila] = '78' or  [c2_traila] = '79' or  [c2_traila] = '80' or  [c2_traila] = '81' or  [c2_traila] = '82' or  [c2_traila] = '83' or  [c2_traila] = '84' or  [c2_traila] = '85' or  [c2_traila] = '86' or  [c2_traila] = '87' or  [c2_traila] = '88' or  [c2_traila] = '89' or  [c2_traila] = '90' or  [c2_traila] = '91' or  [c2_traila] = '92' or  [c2_traila] = '93' or  [c2_traila] = '94' or  [c2_traila] = '95' or  [c2_traila] = '96' or  [c2_traila] = '97' or  [c2_traila] = '98' or  [c2_traila] = '99' or  [c2_traila] = '100' or  [c2_traila] = '101' or  [c2_traila] = '102' or  [c2_traila] = '103' or  [c2_traila] = '104' or  [c2_traila] = '105' or  [c2_traila] = '106' or  [c2_traila] = '107' or  [c2_traila] = '108' or  [c2_traila] = '109' or  [c2_traila] = '110' or  [c2_traila] = '111' or  [c2_traila] = '112' or  [c2_traila] = '113' or  [c2_traila] = '114' or  [c2_traila] = '115' or  [c2_traila] = '116' or  [c2_traila] = '117' or  [c2_traila] = '118' or  [c2_traila] = '119' or  [c2_traila] = '120' or  [c2_traila] = '121' or  [c2_traila] = '122' or  [c2_traila] = '123' or  [c2_traila] = '124' or  [c2_traila] = '125' or  [c2_traila] = '126' or  [c2_traila] = '127' or  [c2_traila] = '128' or  [c2_traila] = '129' or  [c2_traila] = '130' or  [c2_traila] = '131' or  [c2_traila] = '132' or  [c2_traila] = '133' or  [c2_traila] = '134' or  [c2_traila] = '135' or  [c2_traila] = '136' or  [c2_traila] = '137' or  [c2_traila] = '138' or  [c2_traila] = '139' or  [c2_traila] = '140' or  [c2_traila] = '141' or  [c2_traila] = '142' or  [c2_traila] = '143' or  [c2_traila] = '144' or  [c2_traila] = '145' or  [c2_traila] = '146' or  [c2_traila] = '147' or  [c2_traila] = '148' or  [c2_traila] = '149' or  [c2_traila] = '150',,,,,,
trailb,neuropsych_c2,,dropdown,"8b. PARTE B: Número total de segundos para completar la prueba (if not finished by 300 seconds, enter 300) <i>(If test not completed, enter reason code, 995-998, and </i><b>SKIP TO QUESTION 9a.)</b>","0, 0 | 1, 1 | 2, 2 | 3, 3 | 4, 4 | 5, 5 | 6, 6 | 7, 7 | 8, 8 | 9, 9 | 10, 10 | 11, 11 | 12, 12 | 13, 13 | 14, 14 | 15, 15 | 16, 16 | 17, 17 | 18, 18 | 19, 19 | 20, 20 | 21, 21 | 22, 22 | 23, 23 | 24, 24 | 25, 25 | 26, 26 | 27, 27 | 28, 28 | 29, 29 | 30, 30 | 31, 31 | 32, 32 | 33, 33 | 34, 34 | 35, 35 | 36, 36 | 37, 37 | 38, 38 | 39, 39 | 40, 40 | 41, 41 | 42, 42 | 43, 43 | 44, 44 | 45, 45 | 46, 46 | 47, 47 | 48, 48 | 49, 49 | 50, 50 | 51, 51 | 52, 52 | 53, 53 | 54, 54 | 55, 55 | 56, 56 | 57, 57 | 58, 58 | 59, 59 | 60, 60 | 61, 61 | 62, 62 | 63, 63 | 64, 64 | 65, 65 | 66, 66 | 67, 67 | 68, 68 | 69, 69 | 70, 70 | 71, 71 | 72, 72 | 73, 73 | 74, 74 | 75, 75 | 76, 76 | 77, 77 | 78, 78 | 79, 79 | 80, 80 | 81, 81 | 82, 82 | 83, 83 | 84, 84 | 85, 85 | 86, 86 | 87, 87 | 88, 88 | 89, 89 | 90, 90 | 91, 91 | 92, 92 | 93, 93 | 94, 94 | 95, 95 | 96, 96 | 97, 97 | 98, 98 | 99, 99 | 100, 100 | 101, 101 | 102, 102 | 103, 103 | 104, 104 | 105, 105 | 106, 106 | 107, 107 | 108, 108 | 109, 109 | 110, 110 | 111, 111 | 112, 112 | 113, 113 | 114, 114 | 115, 115 | 116, 116 | 117, 117 | 118, 118 | 119, 119 | 120, 120 | 121, 121 | 122, 122 | 123, 123 | 124, 124 | 125, 125 | 126, 126 | 127, 127 | 128, 128 | 129, 129 | 130, 130 | 131, 131 | 132, 132 | 133, 133 | 134, 134 | 135, 135 | 136, 136 | 137, 137 | 138, 138 | 139, 139 | 140, 140 | 141, 141 | 142, 142 | 143, 143 | 144, 144 | 145, 145 | 146, 146 | 147, 147 | 148, 148 | 149, 149 | 150, 150 | 151, 151 | 152, 152 | 153, 153 | 154, 154 | 155, 155 | 156, 156 | 157, 157 | 158, 158 | 159, 159 | 160, 160 | 161, 161 | 162, 162 | 163, 163 | 164, 164 | 165, 165 | 166, 166 | 167, 167 | 168, 168 | 169, 169 | 170, 170 | 171, 171 | 172, 172 | 173, 173 | 174, 174 | 175, 175 | 176, 176 | 177, 177 | 178, 178 | 179, 179 | 180, 180 | 181, 181 | 182, 182 | 183, 183 | 184, 184 | 185, 185 | 186, 186 | 187, 187 | 188, 188 | 189, 189 | 190, 190 | 191, 191 | 192, 192 | 193, 193 | 194, 194 | 195, 195 | 196, 196 | 197, 197 | 198, 198 | 199, 199 | 200, 200 | 201, 201 | 202, 202 | 203, 203 | 204, 204 | 205, 205 | 206, 206 | 207, 207 | 208, 208 | 209, 209 | 210, 210 | 211, 211 | 212, 212 | 213, 213 | 214, 214 | 215, 215 | 216, 216 | 217, 217 | 218, 218 | 219, 219 | 220, 220 | 221, 221 | 222, 222 | 223, 223 | 224, 224 | 225, 225 | 226, 226 | 227, 227 | 228, 228 | 229, 229 | 230, 230 | 231, 231 | 232, 232 | 233, 233 | 234, 234 | 235, 235 | 236, 236 | 237, 237 | 238, 238 | 239, 239 | 240, 240 | 241, 241 | 242, 242 | 243, 243 | 244, 244 | 245, 245 | 246, 246 | 247, 247 | 248, 248 | 249, 249 | 250, 250 | 251, 251 | 252, 252 | 253, 253 | 254, 254 | 255, 255 | 256, 256 | 257, 257 | 258, 258 | 259, 259 | 260, 260 | 261, 261 | 262, 262 | 263, 263 | 264, 264 | 265, 265 | 266, 266 | 267, 267 | 268, 268 | 269, 269 | 270, 270 | 271, 271 | 272, 272 | 273, 273 | 274, 274 | 275, 275 | 276, 276 | 277, 277 | 278, 278 | 279, 279 | 280, 280 | 281, 281 | 282, 282 | 283, 283 | 284, 284 | 285, 285 | 286, 286 | 287, 287 | 288, 288 | 289, 289 | 290, 290 | 291, 291 | 292, 292 | 293, 293 | 294, 294 | 295, 295 | 296, 296 | 297, 297 | 298, 298 | 299, 299 | 300, 300 | 995, 995 = Problema físico | 996, 996 = Problema cognitivo/ conductual | 997, 997 = Otro problema | 998, 998 = Rechazo verbal","0-300, 995-998",,,,,,y,,,,,
trailbrr,neuropsych_c2,,dropdown,8b1. Número de errores de comisión,"0, 0 | 1, 1 | 2, 2 | 3, 3 | 4, 4 | 5, 5 | 6, 6 | 7, 7 | 8, 8 | 9, 9 | 10, 10 | 11, 11 | 12, 12 | 13, 13 | 14, 14 | 15, 15 | 16, 16 | 17, 17 | 18, 18 | 19, 19 | 20, 20 | 21, 21 | 22, 22 | 23, 23 | 24, 24 | 25, 25 | 26, 26 | 27, 27 | 28, 28 | 29, 29 | 30, 30 | 31, 31 | 32, 32 | 33, 33 | 34, 34 | 35, 35 | 36, 36 | 37, 37 | 38, 38 | 39, 39 | 40, 40",0-40,,,,,[c2_trailb] = '0' or [c2_trailb] = '1' or [c2_trailb] = '2' or  [c2_trailb] = '3' or  [c2_trailb] = '4' or  [c2_trailb] = '5' or  [c2_trailb] = '6' or  [c2_trailb] = '7' or  [c2_trailb] = '8' or  [c2_trailb] = '9' or  [c2_trailb] = '10' or  [c2_trailb] = '11' or  [c2_trailb] = '12' or  [c2_trailb] = '13' or  [c2_trailb] = '14' or  [c2_trailb] = '15' or  [c2_trailb] = '16' or  [c2_trailb] = '17' or  [c2_trailb] = '18' or  [c2_trailb] = '19' or  [c2_trailb] = '20' or  [c2_trailb] = '21' or  [c2_trailb] = '22' or  [c2_trailb] = '23' or  [c2_trailb] = '24' or  [c2_trailb] = '25' or  [c2_trailb] = '26' or  [c2_trailb] = '27' or  [c2_trailb] = '28' or  [c2_trailb] = '29' or  [c2_trailb] = '30' or  [c2_trailb] = '31' or  [c2_trailb] = '32' or  [c2_trailb] = '33' or  [c2_trailb] = '34' or  [c2_trailb] = '35' or  [c2_trailb] = '36' or  [c2_trailb] = '37' or  [c2_trailb] = '38' or  [c2_trailb] = '39' or  [c2_trailb] = '40' or  [c2_trailb] = '41' or  [c2_trailb] = '42' or  [c2_trailb] = '43' or  [c2_trailb] = '44' or  [c2_trailb] = '45' or  [c2_trailb] = '46' or  [c2_trailb] = '47' or  [c2_trailb] = '48' or  [c2_trailb] = '49' or  [c2_trailb] = '50' or  [c2_trailb] = '51' or  [c2_trailb] = '52' or  [c2_trailb] = '53' or  [c2_trailb] = '54' or  [c2_trailb] = '55' or  [c2_trailb] = '56' or  [c2_trailb] = '57' or  [c2_trailb] = '58' or  [c2_trailb] = '59' or  [c2_trailb] = '60' or  [c2_trailb] = '61' or  [c2_trailb] = '62' or  [c2_trailb] = '63' or  [c2_trailb] = '64' or  [c2_trailb] = '65' or  [c2_trailb] = '66' or  [c2_trailb] = '67' or  [c2_trailb] = '68' or  [c2_trailb] = '69' or  [c2_trailb] = '70' or  [c2_trailb] = '71' or  [c2_trailb] = '72' or  [c2_trailb] = '73' or  [c2_trailb] = '74' or  [c2_trailb] = '75' or  [c2_trailb] = '76' or  [c2_trailb] = '77' or  [c2_trailb] = '78' or  [c2_trailb] = '79' or  [c2_trailb] = '80' or  [c2_trailb] = '81' or  [c2_trailb] = '82' or  [c2_trailb] = '83' or  [c2_trailb] = '84' or  [c2_trailb] = '85' or  [c2_trailb] = '86' or  [c2_trailb] = '87' or  [c2_trailb] = '88' or  [c2_trailb] = '89' or  [c2_trailb] = '90' or  [c2_trailb] = '91' or  [c2_trailb] = '92' or  [c2_trailb] = '93' or  [c2_trailb] = '94' or  [c2_trailb] = '95' or  [c2_trailb] = '96' or  [c2_trailb] = '97' or  [c2_trailb] = '98' or  [c2_trailb] = '99' or  [c2_trailb] = '100' or  [c2_trailb] = '101' or  [c2_trailb] = '102' or  [c2_trailb] = '103' or  [c2_trailb] = '104' or  [c2_trailb] = '105' or  [c2_trailb] = '106' or  [c2_trailb] = '107' or  [c2_trailb] = '108' or  [c2_trailb] = '109' or  [c2_trailb] = '110' or  [c2_trailb] = '111' or  [c2_trailb] = '112' or  [c2_trailb] = '113' or  [c2_trailb] = '114' or  [c2_trailb] = '115' or  [c2_trailb] = '116' or  [c2_trailb] = '117' or  [c2_trailb] = '118' or  [c2_trailb] = '119' or  [c2_trailb] = '120' or  [c2_trailb] = '121' or  [c2_trailb] = '122' or  [c2_trailb] = '123' or  [c2_trailb] = '124' or  [c2_trailb] = '125' or  [c2_trailb] = '126' or  [c2_trailb] = '127' or  [c2_trailb] = '128' or  [c2_trailb] = '129' or  [c2_trailb] = '130' or  [c2_trailb] = '131' or  [c2_trailb] = '132' or  [c2_trailb] = '133' or  [c2_trailb] = '134' or  [c2_trailb] = '135' or  [c2_trailb] = '136' or  [c2_trailb] = '137' or  [c2_trailb] = '138' or  [c2_trailb] = '139' or  [c2_trailb] = '140' or  [c2_trailb] = '141' or  [c2_trailb] = '142' or  [c2_trailb] = '143' or  [c2_trailb] = '144' or  [c2_trailb] = '145' or  [c2_trailb] = '146' or  [c2_trailb] = '147' or  [c2_trailb] = '148' or  [c2_trailb] = '149' or  [c2_trailb] = '150' or  [c2_trailb] = '151' or  [c2_trailb] = '152' or  [c2_trailb] = '153' or  [c2_trailb] = '154' or  [c2_trailb] = '155' or  [c2_trailb] = '156' or  [c2_trailb] = '157' or  [c2_trailb] = '158' or  [c2_trailb] = '159' or  [c2_trailb] = '160' or  [c2_trailb] = '161' or  [c2_trailb] = '162' or  [c2_trailb] = '163' or  [c2_trailb] = '164' or  [c2_trailb] = '165' or  [c2_trailb] = '166' or  [c2_trailb] = '167' or  [c2_trailb] = '168' or  [c2_trailb] = '169' or  [c2_trailb] = '170' or  [c2_trailb] = '171' or  [c2_trailb] = '172' or  [c2_trailb] = '173' or  [c2_trailb] = '174' or  [c2_trailb] = '175' or  [c2_trailb] = '176' or  [c2_trailb] = '177' or  [c2_trailb] = '178' or  [c2_trailb] = '179' or  [c2_trailb] = '180' or  [c2_trailb] = '181' or  [c2_trailb] = '182' or  [c2_trailb] = '183' or  [c2_trailb] = '184' or  [c2_trailb] = '185' or  [c2_trailb] = '186' or  [c2_trailb] = '187' or  [c2_trailb] = '188' or  [c2_trailb] = '189' or  [c2_trailb] = '190' or  [c2_trailb] = '191' or  [c2_trailb] = '192' or  [c2_trailb] = '193' or  [c2_trailb] = '194' or  [c2_trailb] = '195' or  [c2_trailb] = '196' or  [c2_trailb] = '197' or  [c2_trailb] = '198' or  [c2_trailb] = '199' or  [c2_trailb] = '200' or  [c2_trailb] = '201' or  [c2_trailb] = '202' or  [c2_trailb] = '203' or  [c2_trailb] = '204' or  [c2_trailb] = '205' or  [c2_trailb] = '206' or  [c2_trailb] = '207' or  [c2_trailb] = '208' or  [c2_trailb] = '209' or  [c2_trailb] = '210' or  [c2_trailb] = '211' or  [c2_trailb] = '212' or  [c2_trailb] = '213' or  [c2_trailb] = '214' or  [c2_trailb] = '215' or  [c2_trailb] = '216' or  [c2_trailb] = '217' or  [c2_trailb] = '218' or  [c2_trailb] = '219' or  [c2_trailb] = '220' or  [c2_trailb] = '221' or  [c2_trailb] = '222' or  [c2_trailb] = '223' or  [c2_trailb] = '224' or  [c2_trailb] = '225' or  [c2_trailb] = '226' or  [c2_trailb] = '227' or  [c2_trailb] = '228' or  [c2_trailb] = '229' or  [c2_trailb] = '230' or  [c2_trailb] = '231' or  [c2_trailb] = '232' or  [c2_trailb] = '233' or  [c2_trailb] = '234' or  [c2_trailb] = '235' or  [c2_trailb] = '236' or  [c2_trailb] = '237' or  [c2_trailb] = '238' or  [c2_trailb] = '239' or  [c2_trailb] = '240' or  [c2_trailb] = '241' or  [c2_trailb] = '242' or  [c2_trailb] = '243' or  [c2_trailb] = '244' or  [c2_trailb] = '245' or  [c2_trailb] = '246' or  [c2_trailb] = '247' or  [c2_trailb] = '248' or  [c2_trailb] = '249' or  [c2_trailb] = '250' or  [c2_trailb] = '251' or  [c2_trailb] = '252' or  [c2_trailb] = '253' or  [c2_trailb] = '254' or  [c2_trailb] = '255' or  [c2_trailb] = '256' or  [c2_trailb] = '257' or  [c2_trailb] = '258' or  [c2_trailb] = '259' or  [c2_trailb] = '260' or  [c2_trailb] = '261' or  [c2_trailb] = '262' or  [c2_trailb] = '263' or  [c2_trailb] = '264' or  [c2_trailb] = '265' or  [c2_trailb] = '266' or  [c2_trailb] = '267' or  [c2_trailb] = '268' or  [c2_trailb] = '269' or  [c2_trailb] = '270' or  [c2_trailb] = '271' or  [c2_trailb] = '272' or  [c2_trailb] = '273' or  [c2_trailb] = '274' or  [c2_trailb] = '275' or  [c2_trailb] = '276' or  [c2_trailb] = '277' or  [c2_trailb] = '278' or  [c2_trailb] = '279' or  [c2_trailb] = '280' or  [c2_trailb] = '281' or  [c2_trailb] = '282' or  [c2_trailb] = '283' or  [c2_trailb] = '284' or  [c2_trailb] = '285' or  [c2_trailb] = '286' or  [c2_trailb] = '287' or  [c2_trailb] = '288' or  [c2_trailb] = '289' or  [c2_trailb] = '290' or  [c2_trailb] = '291' or  [c2_trailb] = '292' or  [c2_trailb] = '293' or  [c2_trailb] = '294' or  [c2_trailb] = '295' or  [c2_trailb] = '296' or  [c2_trailb] = '297' or  [c2_trailb] = '298' or  [c2_trailb] = '299' or  [c2_trailb] = '300',,,,,,
trailbli,neuropsych_c2,,dropdown,8b2. Número de líneas correctas,"0, 0 | 1, 1 | 2, 2 | 3, 3 | 4, 4 | 5, 5 | 6, 6 | 7, 7 | 8, 8 | 9, 9 | 10, 10 | 11, 11 | 12, 12 | 13, 13 | 14, 14 | 15, 15 | 16, 16 | 17, 17 | 18, 18 | 19, 19 | 20, 20 | 21, 21 | 22, 22 | 23, 23 | 24, 24",0-24,,,,,[c2_trailb] = '0' or [c2_trailb] = '1' or [c2_trailb] = '2' or  [c2_trailb] = '3' or  [c2_trailb] = '4' or  [c2_trailb] = '5' or  [c2_trailb] = '6' or  [c2_trailb] = '7' or  [c2_trailb] = '8' or  [c2_trailb] = '9' or  [c2_trailb] = '10' or  [c2_trailb] = '11' or  [c2_trailb] = '12' or  [c2_trailb] = '13' or  [c2_trailb] = '14' or  [c2_trailb] = '15' or  [c2_trailb] = '16' or  [c2_trailb] = '17' or  [c2_trailb] = '18' or  [c2_trailb] = '19' or  [c2_trailb] = '20' or  [c2_trailb] = '21' or  [c2_trailb] = '22' or  [c2_trailb] = '23' or  [c2_trailb] = '24' or  [c2_trailb] = '25' or  [c2_trailb] = '26' or  [c2_trailb] = '27' or  [c2_trailb] = '28' or  [c2_trailb] = '29' or  [c2_trailb] = '30' or  [c2_trailb] = '31' or  [c2_trailb] = '32' or  [c2_trailb] = '33' or  [c2_trailb] = '34' or  [c2_trailb] = '35' or  [c2_trailb] = '36' or  [c2_trailb] = '37' or  [c2_trailb] = '38' or  [c2_trailb] = '39' or  [c2_trailb] = '40' or  [c2_trailb] = '41' or  [c2_trailb] = '42' or  [c2_trailb] = '43' or  [c2_trailb] = '44' or  [c2_trailb] = '45' or  [c2_trailb] = '46' or  [c2_trailb] = '47' or  [c2_trailb] = '48' or  [c2_trailb] = '49' or  [c2_trailb] = '50' or  [c2_trailb] = '51' or  [c2_trailb] = '52' or  [c2_trailb] = '53' or  [c2_trailb] = '54' or  [c2_trailb] = '55' or  [c2_trailb] = '56' or  [c2_trailb] = '57' or  [c2_trailb] = '58' or  [c2_trailb] = '59' or  [c2_trailb] = '60' or  [c2_trailb] = '61' or  [c2_trailb] = '62' or  [c2_trailb] = '63' or  [c2_trailb] = '64' or  [c2_trailb] = '65' or  [c2_trailb] = '66' or  [c2_trailb] = '67' or  [c2_trailb] = '68' or  [c2_trailb] = '69' or  [c2_trailb] = '70' or  [c2_trailb] = '71' or  [c2_trailb] = '72' or  [c2_trailb] = '73' or  [c2_trailb] = '74' or  [c2_trailb] = '75' or  [c2_trailb] = '76' or  [c2_trailb] = '77' or  [c2_trailb] = '78' or  [c2_trailb] = '79' or  [c2_trailb] = '80' or  [c2_trailb] = '81' or  [c2_trailb] = '82' or  [c2_trailb] = '83' or  [c2_trailb] = '84' or  [c2_trailb] = '85' or  [c2_trailb] = '86' or  [c2_trailb] = '87' or  [c2_trailb] = '88' or  [c2_trailb] = '89' or  [c2_trailb] = '90' or  [c2_trailb] = '91' or  [c2_trailb] = '92' or  [c2_trailb] = '93' or  [c2_trailb] = '94' or  [c2_trailb] = '95' or  [c2_trailb] = '96' or  [c2_trailb] = '97' or  [c2_trailb] = '98' or  [c2_trailb] = '99' or  [c2_trailb] = '100' or  [c2_trailb] = '101' or  [c2_trailb] = '102' or  [c2_trailb] = '103' or  [c2_trailb] = '104' or  [c2_trailb] = '105' or  [c2_trailb] = '106' or  [c2_trailb] = '107' or  [c2_trailb] = '108' or  [c2_trailb] = '109' or  [c2_trailb] = '110' or  [c2_trailb] = '111' or  [c2_trailb] = '112' or  [c2_trailb] = '113' or  [c2_trailb] = '114' or  [c2_trailb] = '115' or  [c2_trailb] = '116' or  [c2_trailb] = '117' or  [c2_trailb] = '118' or  [c2_trailb] = '119' or  [c2_trailb] = '120' or  [c2_trailb] = '121' or  [c2_trailb] = '122' or  [c2_trailb] = '123' or  [c2_trailb] = '124' or  [c2_trailb] = '125' or  [c2_trailb] = '126' or  [c2_trailb] = '127' or  [c2_trailb] = '128' or  [c2_trailb] = '129' or  [c2_trailb] = '130' or  [c2_trailb] = '131' or  [c2_trailb] = '132' or  [c2_trailb] = '133' or  [c2_trailb] = '134' or  [c2_trailb] = '135' or  [c2_trailb] = '136' or  [c2_trailb] = '137' or  [c2_trailb] = '138' or  [c2_trailb] = '139' or  [c2_trailb] = '140' or  [c2_trailb] = '141' or  [c2_trailb] = '142' or  [c2_trailb] = '143' or  [c2_trailb] = '144' or  [c2_trailb] = '145' or  [c2_trailb] = '146' or  [c2_trailb] = '147' or  [c2_trailb] = '148' or  [c2_trailb] = '149' or  [c2_trailb] = '150' or  [c2_trailb] = '151' or  [c2_trailb] = '152' or  [c2_trailb] = '153' or  [c2_trailb] = '154' or  [c2_trailb] = '155' or  [c2_trailb] = '156' or  [c2_trailb] = '157' or  [c2_trailb] = '158' or  [c2_trailb] = '159' or  [c2_trailb] = '160' or  [c2_trailb] = '161' or  [c2_trailb] = '162' or  [c2_trailb] = '163' or  [c2_trailb] = '164' or  [c2_trailb] = '165' or  [c2_trailb] = '166' or  [c2_trailb] = '167' or  [c2_trailb] = '168' or  [c2_trailb] = '169' or  [c2_trailb] = '170' or  [c2_trailb] = '171' or  [c2_trailb] = '172' or  [c2_trailb] = '173' or  [c2_trailb] = '174' or  [c2_trailb] = '175' or  [c2_trailb] = '176' or  [c2_trailb] = '177' or  [c2_trailb] = '178' or  [c2_trailb] = '179' or  [c2_trailb] = '180' or  [c2_trailb] = '181' or  [c2_trailb] = '182' or  [c2_trailb] = '183' or  [c2_trailb] = '184' or  [c2_trailb] = '185' or  [c2_trailb] = '186' or  [c2_trailb] = '187' or  [c2_trailb] = '188' or  [c2_trailb] = '189' or  [c2_trailb] = '190' or  [c2_trailb] = '191' or  [c2_trailb] = '192' or  [c2_trailb] = '193' or  [c2_trailb] = '194' or  [c2_trailb] = '195' or  [c2_trailb] = '196' or  [c2_trailb] = '197' or  [c2_trailb] = '198' or  [c2_trailb] = '199' or  [c2_trailb] = '200' or  [c2_trailb] = '201' or  [c2_trailb] = '202' or  [c2_trailb] = '203' or  [c2_trailb] = '204' or  [c2_trailb] = '205' or  [c2_trailb] = '206' or  [c2_trailb] = '207' or  [c2_trailb] = '208' or  [c2_trailb] = '209' or  [c2_trailb] = '210' or  [c2_trailb] = '211' or  [c2_trailb] = '212' or  [c2_trailb] = '213' or  [c2_trailb] = '214' or  [c2_trailb] = '215' or  [c2_trailb] = '216' or  [c2_trailb] = '217' or  [c2_trailb] = '218' or  [c2_trailb] = '219' or  [c2_trailb] = '220' or  [c2_trailb] = '221' or  [c2_trailb] = '222' or  [c2_trailb] = '223' or  [c2_trailb] = '224' or  [c2_trailb] = '225' or  [c2_trailb] = '226' or  [c2_trailb] = '227' or  [c2_trailb] = '228' or  [c2_trailb] = '229' or  [c2_trailb] = '230' or  [c2_trailb] = '231' or  [c2_trailb] = '232' or  [c2_trailb] = '233' or  [c2_trailb] = '234' or  [c2_trailb] = '235' or  [c2_trailb] = '236' or  [c2_trailb] = '237' or  [c2_trailb] = '238' or  [c2_trailb] = '239' or  [c2_trailb] = '240' or  [c2_trailb] = '241' or  [c2_trailb] = '242' or  [c2_trailb] = '243' or  [c2_trailb] = '244' or  [c2_trailb] = '245' or  [c2_trailb] = '246' or  [c2_trailb] = '247' or  [c2_trailb] = '248' or  [c2_trailb] = '249' or  [c2_trailb] = '250' or  [c2_trailb] = '251' or  [c2_trailb] = '252' or  [c2_trailb] = '253' or  [c2_trailb] = '254' or  [c2_trailb] = '255' or  [c2_trailb] = '256' or  [c2_trailb] = '257' or  [c2_trailb] = '258' or  [c2_trailb] = '259' or  [c2_trailb] = '260' or  [c2_trailb] = '261' or  [c2_trailb] = '262' or  [c2_trailb] = '263' or  [c2_trailb] = '264' or  [c2_trailb] = '265' or  [c2_trailb] = '266' or  [c2_trailb] = '267' or  [c2_trailb] = '268' or  [c2_trailb] = '269' or  [c2_trailb] = '270' or  [c2_trailb] = '271' or  [c2_trailb] = '272' or  [c2_trailb] = '273' or  [c2_trailb] = '274' or  [c2_trailb] = '275' or  [c2_trailb] = '276' or  [c2_trailb] = '277' or  [c2_trailb] = '278' or  [c2_trailb] = '279' or  [c2_trailb] = '280' or  [c2_trailb] = '281' or  [c2_trailb] = '282' or  [c2_trailb] = '283' or  [c2_trailb] = '284' or  [c2_trailb] = '285' or  [c2_trailb] = '286' or  [c2_trailb] = '287' or  [c2_trailb] = '288' or  [c2_trailb] = '289' or  [c2_trailb] = '290' or  [c2_trailb] = '291' or  [c2_trailb] = '292' or  [c2_trailb] = '293' or  [c2_trailb] = '294' or  [c2_trailb] = '295' or  [c2_trailb] = '296' or  [c2_trailb] = '297' or  [c2_trailb] = '298' or  [c2_trailb] = '299' or  [c2_trailb] = '300',,,,,,
craftdvr,neuropsych_c2,9. Historia de Craft 21 (Recuerdo diferido),dropdown,"9a. Número total de unidades recordadas, puntaje textual (<i>If test not completed, enter reason code, 95-98, and </i><b>SKIP TO QUESTION 10a.</b>)","0, 0 | 1, 1 | 2, 2 | 3, 3 | 4, 4 | 5, 5 | 6, 6 | 7, 7 | 8, 8 | 9, 9 | 10, 10 | 11, 11 | 12, 12 | 13, 13 | 14, 14 | 15, 15 | 16, 16 | 17, 17 | 18, 18 | 19, 19 | 20, 20 | 21, 21 | 22, 22 | 23, 23 | 24, 24 | 25, 25 | 26, 26 | 27, 27 | 28, 28 | 29, 29 | 30, 30 | 31, 31 | 32, 32 | 33, 33 | 34, 34 | 35, 35 | 36, 36 | 37, 37 | 38, 38 | 39, 39 | 40, 40 | 41, 41 | 42, 42 | 43, 43 | 44, 44 | 95, 95 = Problema físico | 96, 96 = Problema cognitivo/ conductual | 97, 97 = Otro problema | 98, 98 = Rechazo verbal","(0-44, 95-98)",,,,,,y,,,,,
craftdre,neuropsych_c2,,dropdown,"9b. Número total de unidades recordadas, puntaje de parafraseo (0-25)","0, 0 | 1, 1 | 2, 2 | 3, 3 | 4, 4 | 5, 5 | 6, 6 | 7, 7 | 8, 8 | 9, 9 | 10, 10 | 11, 11 | 12, 12 | 13, 13 | 14, 14 | 15, 15 | 16, 16 | 17, 17 | 18, 18 | 19, 19 | 20, 20 | 21, 21 | 22, 22 | 23, 23 | 24, 24 | 25, 25",,,,,,[craftdvr] = '0' or [craftdvr] = '1' or [craftdvr] = '2' or  [craftdvr] = '3' or  [craftdvr] = '4' or  [craftdvr] = '5' or  [craftdvr] = '6' or  [craftdvr] = '7' or  [craftdvr] = '8' or  [craftdvr] = '9' or  [craftdvr] = '10' or  [craftdvr] = '11' or  [craftdvr] = '12' or  [craftdvr] = '13' or  [craftdvr] = '14' or  [craftdvr] = '15' or  [craftdvr] = '16' or  [craftdvr] = '17' or  [craftdvr] = '18' or  [craftdvr] = '19' or  [craftdvr] = '20' or  [craftdvr] = '21' or  [craftdvr] = '22' or  [craftdvr] = '23' or  [craftdvr] = '24' or  [craftdvr] = '25' or  [craftdvr] = '26' or  [craftdvr] = '27' or  [craftdvr] = '28' or  [craftdvr] = '29' or  [craftdvr] = '30' or  [craftdvr] = '31' or  [craftdvr] = '32' or  [craftdvr] = '33' or  [craftdvr] = '34' or  [craftdvr] = '35' or  [craftdvr] = '36' or  [craftdvr] = '37' or  [craftdvr] = '38' or  [craftdvr] = '39' or  [craftdvr] = '40' or  [craftdvr] = '41' or  [craftdvr] = '42' or  [craftdvr] = '43' or  [craftdvr] = '44',,,,,,
craftdti,neuropsych_c2,,dropdown,9c. Tiempo de la demora (minutos) <i>(99=Unknown)</i>,"0, 0 | 1, 1 | 2, 2 | 3, 3 | 4, 4 | 5, 5 | 6, 6 | 7, 7 | 8, 8 | 9, 9 | 10, 10 | 11, 11 | 12, 12 | 13, 13 | 14, 14 | 15, 15 | 16, 16 | 17, 17 | 18, 18 | 19, 19 | 20, 20 | 21, 21 | 22, 22 | 23, 23 | 24, 24 | 25, 25 | 26, 26 | 27, 27 | 28, 28 | 29, 29 | 30, 30 | 31, 31 | 32, 32 | 33, 33 | 34, 34 | 35, 35 | 36, 36 | 37, 37 | 38, 38 | 39, 39 | 40, 40 | 41, 41 | 42, 42 | 43, 43 | 44, 44 | 45, 45 | 46, 46 | 47, 47 | 48, 48 | 49, 49 | 50, 50 | 51, 51 | 52, 52 | 53, 53 | 54, 54 | 55, 55 | 56, 56 | 57, 57 | 58, 58 | 59, 59 | 60, 60 | 61, 61 | 62, 62 | 63, 63 | 64, 64 | 65, 65 | 66, 66 | 67, 67 | 68, 68 | 69, 69 | 70, 70 | 71, 71 | 72, 72 | 73, 73 | 74, 74 | 75, 75 | 76, 76 | 77, 77 | 78, 78 | 79, 79 | 80, 80 | 81, 81 | 82, 82 | 83, 83 | 84, 84 | 85, 85 | 99, 99 = Desconocido",0-85 minutes 99=Unknown,,,,,[craftdvr] = '0' or [craftdvr] = '1' or [craftdvr] = '2' or  [craftdvr] = '3' or  [craftdvr] = '4' or  [craftdvr] = '5' or  [craftdvr] = '6' or  [craftdvr] = '7' or  [craftdvr] = '8' or  [craftdvr] = '9' or  [craftdvr] = '10' or  [craftdvr] = '11' or  [craftdvr] = '12' or  [craftdvr] = '13' or  [craftdvr] = '14' or  [craftdvr] = '15' or  [craftdvr] = '16' or  [craftdvr] = '17' or  [craftdvr] = '18' or  [craftdvr] = '19' or  [craftdvr] = '20' or  [craftdvr] = '21' or  [craftdvr] = '22' or  [craftdvr] = '23' or  [craftdvr] = '24' or  [craftdvr] = '25' or  [craftdvr] = '26' or  [craftdvr] = '27' or  [craftdvr] = '28' or  [craftdvr] = '29' or  [craftdvr] = '30' or  [craftdvr] = '31' or  [craftdvr] = '32' or  [craftdvr] = '33' or  [craftdvr] = '34' or  [craftdvr] = '35' or  [craftdvr] = '36' or  [craftdvr] = '37' or  [craftdvr] = '38' or  [craftdvr] = '39' or  [craftdvr] = '40' or  [craftdvr] = '41' or  [craftdvr] = '42' or  [craftdvr] = '43' or  [craftdvr] = '44',,,,,,
craftcue,neuropsych_c2,,radio,"9d. Pista ""niño"" necesaria","0, 0 No | 1, 1 Sí",,,,,,[craftdvr] = '0' or [craftdvr] = '1' or [craftdvr] = '2' or  [craftdvr] = '3' or  [craftdvr] = '4' or  [craftdvr] = '5' or  [craftdvr] = '6' or  [craftdvr] = '7' or  [craftdvr] = '8' or  [craftdvr] = '9' or  [craftdvr] = '10' or  [craftdvr] = '11' or  [craftdvr] = '12' or  [craftdvr] = '13' or  [craftdvr] = '14' or  [craftdvr] = '15' or  [craftdvr] = '16' or  [craftdvr] = '17' or  [craftdvr] = '18' or  [craftdvr] = '19' or  [craftdvr] = '20' or  [craftdvr] = '21' or  [craftdvr] = '22' or  [craftdvr] = '23' or  [craftdvr] = '24' or  [craftdvr] = '25' or  [craftdvr] = '26' or  [craftdvr] = '27' or  [craftdvr] = '28' or  [craftdvr] = '29' or  [craftdvr] = '30' or  [craftdvr] = '31' or  [craftdvr] = '32' or  [craftdvr] = '33' or  [craftdvr] = '34' or  [craftdvr] = '35' or  [craftdvr] = '36' or  [craftdvr] = '37' or  [craftdvr] = '38' or  [craftdvr] = '39' or  [craftdvr] = '40' or  [craftdvr] = '41' or  [craftdvr] = '42' or  [craftdvr] = '43' or  [craftdvr] = '44',,RH,,,,
udsbentd,neuropsych_c2,10. Recuerdo Diferido de la Figura Compleja de Benson,dropdown,"10a. Puntaje total para el recuerdo diferido de la figura Benson después de una demora de 10 a 15 minutos<i>(If test not completed, enter reason code, 95-98) and</i> <b>SKIP TO QUESTION 11a.)</b>","0, 0 | 1, 1 | 2, 2 | 3, 3 | 4, 4 | 5, 5 | 6, 6 | 7, 7 | 8, 8 | 9, 9 | 10, 10 | 11, 11 | 12, 12 | 13, 13 | 14, 14 | 15, 15 | 16, 16 | 17, 17 | 95, 95 = Problema físico | 96, 96 = Problema cognitivo/ conductual | 97, 97 = Otro problema | 98, 98 = Rechazo verbal","(0-17, 95-98)",,,,,,y,,,,,
udsbenrs,neuropsych_c2,,radio,10b. ¿Se reconoce el estímulo original entre las cuatro opciones?,"0, 0 No | 1, 1 Sí",,,,,,[udsbentd] = '0' or [udsbentd] = '1' or [udsbentd] = '2' or [udsbentd] = '3' or [udsbentd] = '4' or [udsbentd] = '5' or [udsbentd] = '6' or  [udsbentd] = '7' or  [udsbentd] = '8' or  [udsbentd] = '9' or  [udsbentd] = '10' or  [udsbentd] = '11' or  [udsbentd] = '12' or  [udsbentd] = '13' or  [udsbentd] = '14' or  [udsbentd] = '15' or  [udsbentd] = '16' or  [udsbentd] = '17',,RH,,,,
minttots,neuropsych_c2,11. MINT (Prueba Multilingüe de Dominacíon),dropdown,"11a. Puntaje total<i>(If test not completed, enter reason code, 95-98) and</i> <b>SKIP TO QUESTION 12a.)</b>","0, 0 | 1, 1 | 2, 2 | 3, 3 | 4, 4 | 5, 5 | 6, 6 | 7, 7 | 8, 8 | 9, 9 | 10, 10 | 11, 11 | 12, 12 | 13, 13 | 14, 14 | 15, 15 | 16, 16 | 17, 17 | 18, 18 | 19, 19 | 20, 20 | 21, 21 | 22, 22 | 23, 23 | 24, 24 | 25, 25 | 26, 26 | 27, 27 | 28, 28 | 29, 29 | 30, 30 | 31, 31 | 32, 32 | 95, 95 = Problema físico | 96, 96 = Problema cognitivo/ conductual | 97, 97 = Otro problema | 98, 98 = Rechazo verbal","0-32, 95-98",,,,,,y,,,,,
minttotw,neuropsych_c2,,dropdown,11b. Total correctas sin clave semántica,"0, 0 | 1, 1 | 2, 2 | 3, 3 | 4, 4 | 5, 5 | 6, 6 | 7, 7 | 8, 8 | 9, 9 | 10, 10 | 11, 11 | 12, 12 | 13, 13 | 14, 14 | 15, 15 | 16, 16 | 17, 17 | 18, 18 | 19, 19 | 20, 20 | 21, 21 | 22, 22 | 23, 23 | 24, 24 | 25, 25 | 26, 26 | 27, 27 | 28, 28 | 29, 29 | 30, 30 | 31, 31 | 32, 32",0-32,,,,,[minttots] = '0' or [minttots] = '1' or [minttots] = '2' or  [minttots] = '3' or  [minttots] = '4' or  [minttots] = '5' or  [minttots] = '6' or  [minttots] = '7' or  [minttots] = '8' or  [minttots] = '9' or  [minttots] = '10' or  [minttots] = '11' or  [minttots] = '12' or  [minttots] = '13' or  [minttots] = '14' or  [minttots] = '15' or  [minttots] = '16' or  [minttots] = '17' or  [minttots] = '18' or  [minttots] = '19' or  [minttots] = '20' or  [minttots] = '21' or  [minttots] = '22' or  [minttots] = '23' or  [minttots] = '24' or  [minttots] = '25' or  [minttots] = '26' or  [minttots] = '27' or  [minttots] = '28' or  [minttots] = '29' or  [minttots] = '30' or  [minttots] = '31' or  [minttots] = '32',,,,,,
mintscng,neuropsych_c2,,dropdown,11c. Clave semántica: número de claves proporcionadas,"0, 0 | 1, 1 | 2, 2 | 3, 3 | 4, 4 | 5, 5 | 6, 6 | 7, 7 | 8, 8 | 9, 9 | 10, 10 | 11, 11 | 12, 12 | 13, 13 | 14, 14 | 15, 15 | 16, 16 | 17, 17 | 18, 18 | 19, 19 | 20, 20 | 21, 21 | 22, 22 | 23, 23 | 24, 24 | 25, 25 | 26, 26 | 27, 27 | 28, 28 | 29, 29 | 30, 30 | 31, 31 | 32, 32",0-32,,,,,[minttots] = '0' or [minttots] = '1' or [minttots] = '2' or  [minttots] = '3' or  [minttots] = '4' or  [minttots] = '5' or  [minttots] = '6' or  [minttots] = '7' or  [minttots] = '8' or  [minttots] = '9' or  [minttots] = '10' or  [minttots] = '11' or  [minttots] = '12' or  [minttots] = '13' or  [minttots] = '14' or  [minttots] = '15' or  [minttots] = '16' or  [minttots] = '17' or  [minttots] = '18' or  [minttots] = '19' or  [minttots] = '20' or  [minttots] = '21' or  [minttots] = '22' or  [minttots] = '23' or  [minttots] = '24' or  [minttots] = '25' or  [minttots] = '26' or  [minttots] = '27' or  [minttots] = '28' or  [minttots] = '29' or  [minttots] = '30' or  [minttots] = '31' or  [minttots] = '32',,,,,,
mintscnc,neuropsych_c2,,dropdown,11d. Clave semántica: número de palabras correctas con clave <i>(88=not applicable)</i>,"0, 0 | 1, 1 | 2, 2 | 3, 3 | 4, 4 | 5, 5 | 6, 6 | 7, 7 | 8, 8 | 9, 9 | 10, 10 | 11, 11 | 12, 12 | 13, 13 | 14, 14 | 15, 15 | 16, 16 | 17, 17 | 18, 18 | 19, 19 | 20, 20 | 21, 21 | 22, 22 | 23, 23 | 24, 24 | 25, 25 | 26, 26 | 27, 27 | 28, 28 | 29, 29 | 30, 30 | 31, 31 | 32, 32 | 88, 88 = No aplica","0-32, 88",,,,,[minttots] = '0' or [minttots] = '1' or [minttots] = '2' or  [minttots] = '3' or  [minttots] = '4' or  [minttots] = '5' or  [minttots] = '6' or  [minttots] = '7' or  [minttots] = '8' or  [minttots] = '9' or  [minttots] = '10' or  [minttots] = '11' or  [minttots] = '12' or  [minttots] = '13' or  [minttots] = '14' or  [minttots] = '15' or  [minttots] = '16' or  [minttots] = '17' or  [minttots] = '18' or  [minttots] = '19' or  [minttots] = '20' or  [minttots] = '21' or  [minttots] = '22' or  [minttots] = '23' or  [minttots] = '24' or  [minttots] = '25' or  [minttots] = '26' or  [minttots] = '27' or  [minttots] = '28' or  [minttots] = '29' or  [minttots] = '30' or  [minttots] = '31' or  [minttots] = '32',,,,,,
mintpcng,neuropsych_c2,,dropdown,11e. Clave fonológica: número de claves proporcionadas,"0, 0 | 1, 1 | 2, 2 | 3, 3 | 4, 4 | 5, 5 | 6, 6 | 7, 7 | 8, 8 | 9, 9 | 10, 10 | 11, 11 | 12, 12 | 13, 13 | 14, 14 | 15, 15 | 16, 16 | 17, 17 | 18, 18 | 19, 19 | 20, 20 | 21, 21 | 22, 22 | 23, 23 | 24, 24 | 25, 25 | 26, 26 | 27, 27 | 28, 28 | 29, 29 | 30, 30 | 31, 31 | 32, 32",0-32,,,,,[minttots] = '0' or [minttots] = '1' or [minttots] = '2' or  [minttots] = '3' or  [minttots] = '4' or  [minttots] = '5' or  [minttots] = '6' or  [minttots] = '7' or  [minttots] = '8' or  [minttots] = '9' or  [minttots] = '10' or  [minttots] = '11' or  [minttots] = '12' or  [minttots] = '13' or  [minttots] = '14' or  [minttots] = '15' or  [minttots] = '16' or  [minttots] = '17' or  [minttots] = '18' or  [minttots] = '19' or  [minttots] = '20' or  [minttots] = '21' or  [minttots] = '22' or  [minttots] = '23' or  [minttots] = '24' or  [minttots] = '25' or  [minttots] = '26' or  [minttots] = '27' or  [minttots] = '28' or  [minttots] = '29' or  [minttots] = '30' or  [minttots] = '31' or  [minttots] = '32',,,,,,
mintpcnc,neuropsych_c2,,dropdown,11f. Clave fonológica: número de palabras correctas con clave <i>(88=not applicable)</i>,"0, 0 | 1, 1 | 2, 2 | 3, 3 | 4, 4 | 5, 5 | 6, 6 | 7, 7 | 8, 8 | 9, 9 | 10, 10 | 11, 11 | 12, 12 | 13, 13 | 14, 14 | 15, 15 | 16, 16 | 17, 17 | 18, 18 | 19, 19 | 20, 20 | 21, 21 | 22, 22 | 23, 23 | 24, 24 | 25, 25 | 26, 26 | 27, 27 | 28, 28 | 29, 29 | 30, 30 | 31, 31 | 32, 32 | 88, 88 = No aplica","0-32, 88",,,,,[minttots] = '0' or [minttots] = '1' or [minttots] = '2' or  [minttots] = '3' or  [minttots] = '4' or  [minttots] = '5' or  [minttots] = '6' or  [minttots] = '7' or  [minttots] = '8' or  [minttots] = '9' or  [minttots] = '10' or  [minttots] = '11' or  [minttots] = '12' or  [minttots] = '13' or  [minttots] = '14' or  [minttots] = '15' or  [minttots] = '16' or  [minttots] = '17' or  [minttots] = '18' or  [minttots] = '19' or  [minttots] = '20' or  [minttots] = '21' or  [minttots] = '22' or  [minttots] = '23' or  [minttots] = '24' or  [minttots] = '25' or  [minttots] = '26' or  [minttots] = '27' or  [minttots] = '28' or  [minttots] = '29' or  [minttots] = '30' or  [minttots] = '31' or  [minttots] = '32',,,,,,
udsverfc,neuropsych_c2,12. Fluidez verbal fonológica,dropdown,"12a. Número de palabras correctas con P generadas en un minuto <i>(If test not completed, enter reason code, 95-98) and</i> <b>SKIP TO QUESTION 12d.)</b>","0, 0 | 1, 1 | 2, 2 | 3, 3 | 4, 4 | 5, 5 | 6, 6 | 7, 7 | 8, 8 | 9, 9 | 10, 10 | 11, 11 | 12, 12 | 13, 13 | 14, 14 | 15, 15 | 16, 16 | 17, 17 | 18, 18 | 19, 19 | 20, 20 | 21, 21 | 22, 22 | 23, 23 | 24, 24 | 25, 25 | 26, 26 | 27, 27 | 28, 28 | 29, 29 | 30, 30 | 31, 31 | 32, 32 | 33, 33 | 34, 34 | 35, 35 | 36, 36 | 37, 37 | 38, 38 | 39, 39 | 40, 40 | 95, 95 = Problema físico | 96, 96 = Problema cognitivo/ conductual | 97, 97 = Otro problema | 98, 98 = Rechazo verbal","0-40, 95-98",,,,,,y,,,,,
udsverfn,neuropsych_c2,,dropdown,12b. Número de <b>palabras con P </b> repetidas en un minuto,"0, 0 | 1, 1 | 2, 2 | 3, 3 | 4, 4 | 5, 5 | 6, 6 | 7, 7 | 8, 8 | 9, 9 | 10, 10 | 11, 11 | 12, 12 | 13, 13 | 14, 14 | 15, 15",0-15,,,,,[udsverfc] = '0' or [udsverfc] = '1' or [udsverfc] = '2' or  [udsverfc] = '3' or  [udsverfc] = '4' or  [udsverfc] = '5' or  [udsverfc] = '6' or  [udsverfc] = '7' or  [udsverfc] = '8' or  [udsverfc] = '9' or  [udsverfc] = '10' or  [udsverfc] = '11' or  [udsverfc] = '12' or  [udsverfc] = '13' or  [udsverfc] = '14' or  [udsverfc] = '15' or  [udsverfc] = '16' or  [udsverfc] = '17' or  [udsverfc] = '18' or  [udsverfc] = '19' or  [udsverfc] = '20' or  [udsverfc] = '21' or  [udsverfc] = '22' or  [udsverfc] = '23' or  [udsverfc] = '24' or  [udsverfc] = '25' or  [udsverfc] = '26' or  [udsverfc] = '27' or  [udsverfc] = '28' or  [udsverfc] = '29' or  [udsverfc] = '30' or  [udsverfc] = '31' or  [udsverfc] = '32' or  [udsverfc] = '33' or  [udsverfc] = '34' or  [udsverfc] = '35' or  [udsverfc] = '36' or  [udsverfc] = '37' or  [udsverfc] = '38' or  [udsverfc] = '39' or  [udsverfc] = '40',,,,,,
udsvernf,neuropsych_c2,,dropdown,12c. Número de <b>palabras que no comienzan con P</b> y errores de violación de regla en un minuto,"0, 0 | 1, 1 | 2, 2 | 3, 3 | 4, 4 | 5, 5 | 6, 6 | 7, 7 | 8, 8 | 9, 9 | 10, 10 | 11, 11 | 12, 12 | 13, 13 | 14, 14 | 15, 15",0-15,,,,,[udsverfc] = '0' or [udsverfc] = '1' or [udsverfc] = '2' or  [udsverfc] = '3' or  [udsverfc] = '4' or  [udsverfc] = '5' or  [udsverfc] = '6' or  [udsverfc] = '7' or  [udsverfc] = '8' or  [udsverfc] = '9' or  [udsverfc] = '10' or  [udsverfc] = '11' or  [udsverfc] = '12' or  [udsverfc] = '13' or  [udsverfc] = '14' or  [udsverfc] = '15' or  [udsverfc] = '16' or  [udsverfc] = '17' or  [udsverfc] = '18' or  [udsverfc] = '19' or  [udsverfc] = '20' or  [udsverfc] = '21' or  [udsverfc] = '22' or  [udsverfc] = '23' or  [udsverfc] = '24' or  [udsverfc] = '25' or  [udsverfc] = '26' or  [udsverfc] = '27' or  [udsverfc] = '28' or  [udsverfc] = '29' or  [udsverfc] = '30' or  [udsverfc] = '31' or  [udsverfc] = '32' or  [udsverfc] = '33' or  [udsverfc] = '34' or  [udsverfc] = '35' or  [udsverfc] = '36' or  [udsverfc] = '37' or  [udsverfc] = '38' or  [udsverfc] = '39' or  [udsverfc] = '40',,,,,,
note_c2_2,neuropsych_c2,,descriptive,<hr>,,,,,,,,,,,,,
udsverlc,neuropsych_c2,,dropdown,"12d. Número de palabras correctas con M generadas en un minuto <i>(If test not completed, enter reason code, 95-98) and</i> <b>SKIP TO QUESTION 13a.)</b>","0, 0 | 1, 1 | 2, 2 | 3, 3 | 4, 4 | 5, 5 | 6, 6 | 7, 7 | 8, 8 | 9, 9 | 10, 10 | 11, 11 | 12, 12 | 13, 13 | 14, 14 | 15, 15 | 16, 16 | 17, 17 | 18, 18 | 19, 19 | 20, 20 | 21, 21 | 22, 22 | 23, 23 | 24, 24 | 25, 25 | 26, 26 | 27, 27 | 28, 28 | 29, 29 | 30, 30 | 31, 31 | 32, 32 | 33, 33 | 34, 34 | 35, 35 | 36, 36 | 37, 37 | 38, 38 | 39, 39 | 40, 40 | 95, 95 = Problema físico | 96, 96 = Problema cognitivo/ conductual | 97, 97 = Otro problema | 98, 98 = Rechazo verbal","0-40, 95-98",,,,,,,,,,,
udsverlr,neuropsych_c2,,dropdown,12e. Número de  <b>palabras con M </b> repetidas en un minuto,"0, 0 | 1, 1 | 2, 2 | 3, 3 | 4, 4 | 5, 5 | 6, 6 | 7, 7 | 8, 8 | 9, 9 | 10, 10 | 11, 11 | 12, 12 | 13, 13 | 14, 14 | 15, 15",0-15,,,,,[udsverlc] = '0' or [udsverlc] = '1' or [udsverlc] = '2' or  [udsverlc] = '3' or  [udsverlc] = '4' or  [udsverlc] = '5' or  [udsverlc] = '6' or  [udsverlc] = '7' or  [udsverlc] = '8' or  [udsverlc] = '9' or  [udsverlc] = '10' or  [udsverlc] = '11' or  [udsverlc] = '12' or  [udsverlc] = '13' or  [udsverlc] = '14' or  [udsverlc] = '15' or  [udsverlc] = '16' or  [udsverlc] = '17' or  [udsverlc] = '18' or  [udsverlc] = '19' or  [udsverlc] = '20' or  [udsverlc] = '21' or  [udsverlc] = '22' or  [udsverlc] = '23' or  [udsverlc] = '24' or  [udsverlc] = '25' or  [udsverlc] = '26' or  [udsverlc] = '27' or  [udsverlc] = '28' or  [udsverlc] = '29' or  [udsverlc] = '30' or  [udsverlc] = '31' or  [udsverlc] = '32' or  [udsverlc] = '33' or  [udsverlc] = '34' or  [udsverlc] = '35' or  [udsverlc] = '36' or  [udsverlc] = '37' or  [udsverlc] = '38' or  [udsverlc] = '39' or  [udsverlc] = '40',,,,,,
udsverln,neuropsych_c2,,dropdown,12f. Número de <b>palabras que no comienzan con M</b> y errores de violación de regla en un minuto,"0, 0 | 1, 1 | 2, 2 | 3, 3 | 4, 4 | 5, 5 | 6, 6 | 7, 7 | 8, 8 | 9, 9 | 10, 10 | 11, 11 | 12, 12 | 13, 13 | 14, 14 | 15, 15",0-15,,,,,[udsverlc] = '0' or [udsverlc] = '1' or [udsverlc] = '2' or  [udsverlc] = '3' or  [udsverlc] = '4' or  [udsverlc] = '5' or  [udsverlc] = '6' or  [udsverlc] = '7' or  [udsverlc] = '8' or  [udsverlc] = '9' or  [udsverlc] = '10' or  [udsverlc] = '11' or  [udsverlc] = '12' or  [udsverlc] = '13' or  [udsverlc] = '14' or  [udsverlc] = '15' or  [udsverlc] = '16' or  [udsverlc] = '17' or  [udsverlc] = '18' or  [udsverlc] = '19' or  [udsverlc] = '20' or  [udsverlc] = '21' or  [udsverlc] = '22' or  [udsverlc] = '23' or  [udsverlc] = '24' or  [udsverlc] = '25' or  [udsverlc] = '26' or  [udsverlc] = '27' or  [udsverlc] = '28' or  [udsverlc] = '29' or  [udsverlc] = '30' or  [udsverlc] = '31' or  [udsverlc] = '32' or  [udsverlc] = '33' or  [udsverlc] = '34' or  [udsverlc] = '35' or  [udsverlc] = '36' or  [udsverlc] = '37' or  [udsverlc] = '38' or  [udsverlc] = '39' or  [udsverlc] = '40',,,,,,
note_c2_3,neuropsych_c2,,descriptive,<hr>,,,,,,,,,,,,,
udsvertn,neuropsych_c2,,dropdown,12g. Número TOTAL de palabras correctas  <b>con P y M</b>,"0, 0 | 1, 1 | 2, 2 | 3, 3 | 4, 4 | 5, 5 | 6, 6 | 7, 7 | 8, 8 | 9, 9 | 10, 10 | 11, 11 | 12, 12 | 13, 13 | 14, 14 | 15, 15 | 16, 16 | 17, 17 | 18, 18 | 19, 19 | 20, 20 | 21, 21 | 22, 22 | 23, 23 | 24, 24 | 25, 25 | 26, 26 | 27, 27 | 28, 28 | 29, 29 | 30, 30 | 31, 31 | 32, 32 | 33, 33 | 34, 34 | 35, 35 | 36, 36 | 37, 37 | 38, 38 | 39, 39 | 40, 40 | 41, 41 | 42, 42 | 43, 43 | 44, 44 | 45, 45 | 46, 46 | 47, 47 | 48, 48 | 49, 49 | 50, 50 | 51, 51 | 52, 52 | 53, 53 | 54, 54 | 55, 55 | 56, 56 | 57, 57 | 58, 58 | 59, 59 | 60, 60 | 61, 61 | 62, 62 | 63, 63 | 64, 64 | 65, 65 | 66, 66 | 67, 67 | 68, 68 | 69, 69 | 70, 70 | 71, 71 | 72, 72 | 73, 73 | 74, 74 | 75, 75 | 76, 76 | 77, 77 | 78, 78 | 79, 79 | 80, 80",0-80,,,,,[udsverlc] = '0' or [udsverlc] = '1' or [udsverlc] = '2' or  [udsverlc] = '3' or  [udsverlc] = '4' or  [udsverlc] = '5' or  [udsverlc] = '6' or  [udsverlc] = '7' or  [udsverlc] = '8' or  [udsverlc] = '9' or  [udsverlc] = '10' or  [udsverlc] = '11' or  [udsverlc] = '12' or  [udsverlc] = '13' or  [udsverlc] = '14' or  [udsverlc] = '15' or  [udsverlc] = '16' or  [udsverlc] = '17' or  [udsverlc] = '18' or  [udsverlc] = '19' or  [udsverlc] = '20' or  [udsverlc] = '21' or  [udsverlc] = '22' or  [udsverlc] = '23' or  [udsverlc] = '24' or  [udsverlc] = '25' or  [udsverlc] = '26' or  [udsverlc] = '27' or  [udsverlc] = '28' or  [udsverlc] = '29' or  [udsverlc] = '30' or  [udsverlc] = '31' or  [udsverlc] = '32' or  [udsverlc] = '33' or  [udsverlc] = '34' or  [udsverlc] = '35' or  [udsverlc] = '36' or  [udsverlc] = '37' or  [udsverlc] = '38' or  [udsverlc] = '39' or  [udsverlc] = '40',,,,,,
udsverte,neuropsych_c2,,dropdown,12h. Número TOTAL de errores de repetición de  <b>palabras con P y M</b>,"0, 0 | 1, 1 | 2, 2 | 3, 3 | 4, 4 | 5, 5 | 6, 6 | 7, 7 | 8, 8 | 9, 9 | 10, 10 | 11, 11 | 12, 12 | 13, 13 | 14, 14 | 15, 15 | 16, 16 | 17, 17 | 18, 18 | 19, 19 | 20, 20 | 21, 21 | 22, 22 | 23, 23 | 24, 24 | 25, 25 | 26, 26 | 27, 27 | 28, 28 | 29, 29 | 30, 30",0-30,,,,,[udsverlc] = '0' or [udsverlc] = '1' or [udsverlc] = '2' or  [udsverlc] = '3' or  [udsverlc] = '4' or  [udsverlc] = '5' or  [udsverlc] = '6' or  [udsverlc] = '7' or  [udsverlc] = '8' or  [udsverlc] = '9' or  [udsverlc] = '10' or  [udsverlc] = '11' or  [udsverlc] = '12' or  [udsverlc] = '13' or  [udsverlc] = '14' or  [udsverlc] = '15' or  [udsverlc] = '16' or  [udsverlc] = '17' or  [udsverlc] = '18' or  [udsverlc] = '19' or  [udsverlc] = '20' or  [udsverlc] = '21' or  [udsverlc] = '22' or  [udsverlc] = '23' or  [udsverlc] = '24' or  [udsverlc] = '25' or  [udsverlc] = '26' or  [udsverlc] = '27' or  [udsverlc] = '28' or  [udsverlc] = '29' or  [udsverlc] = '30' or  [udsverlc] = '31' or  [udsverlc] = '32' or  [udsverlc] = '33' or  [udsverlc] = '34' or  [udsverlc] = '35' or  [udsverlc] = '36' or  [udsverlc] = '37' or  [udsverlc] = '38' or  [udsverlc] = '39' or  [udsverlc] = '40',,,,,,
udsverti,neuropsych_c2,,dropdown,12i. Número TOTAL de palabras <b>que no comienzan con P/M</b> y errores de violación de regla,"0, 0 | 1, 1 | 2, 2 | 3, 3 | 4, 4 | 5, 5 | 6, 6 | 7, 7 | 8, 8 | 9, 9 | 10, 10 | 11, 11 | 12, 12 | 13, 13 | 14, 14 | 15, 15 | 16, 16 | 17, 17 | 18, 18 | 19, 19 | 20, 20 | 21, 21 | 22, 22 | 23, 23 | 24, 24 | 25, 25 | 26, 26 | 27, 27 | 28, 28 | 29, 29 | 30, 30",0-30,,,,,[udsverlc] = '0' or [udsverlc] = '1' or [udsverlc] = '2' or  [udsverlc] = '3' or  [udsverlc] = '4' or  [udsverlc] = '5' or  [udsverlc] = '6' or  [udsverlc] = '7' or  [udsverlc] = '8' or  [udsverlc] = '9' or  [udsverlc] = '10' or  [udsverlc] = '11' or  [udsverlc] = '12' or  [udsverlc] = '13' or  [udsverlc] = '14' or  [udsverlc] = '15' or  [udsverlc] = '16' or  [udsverlc] = '17' or  [udsverlc] = '18' or  [udsverlc] = '19' or  [udsverlc] = '20' or  [udsverlc] = '21' or  [udsverlc] = '22' or  [udsverlc] = '23' or  [udsverlc] = '24' or  [udsverlc] = '25' or  [udsverlc] = '26' or  [udsverlc] = '27' or  [udsverlc] = '28' or  [udsverlc] = '29' or  [udsverlc] = '30' or  [udsverlc] = '31' or  [udsverlc] = '32' or  [udsverlc] = '33' or  [udsverlc] = '34' or  [udsverlc] = '35' or  [udsverlc] = '36' or  [udsverlc] = '37' or  [udsverlc] = '38' or  [udsverlc] = '39' or  [udsverlc] = '40',,,,,,
cogstat,neuropsych_c2,13. Evaluación global,radio,"13a. De acuerdo al profesional clínico (e.j., neuropsicólogo, neurólogo comportamental u otro profesional clínico calificado), el estado cognitivo general del sujeto basado en la evaluación neuropsicológica UDS es:","1, 1 Superior a lo normal para su edad | 2, 2 Normal para su edad | 3, 3 Uno o dos puntajes fueron anormales | 4, 4 Tres or más puntajes fueron anormales o más bajos de lo esperado | 0, 0 El profesional clínico no pudo emitir su opinión",,,,,,,y,LV,,,,
copyright_c2,neuropsych_c2,,descriptive,"<font color=blue>Adapted with permission. Copyright &#169 2006, 2008, 2015, 2017 University of Washington. Created and published by the ADC Clinical Task Force (John C. Morris, MD, Chair) and the National Alzheimer's Coordinating Center (U01 AG016976 - Walter A. Kukull, PhD, Director)..</font color=blue>           ",,,,,,,,,,,,,
footer_c2,neuropsych_c2,,descriptive,"National Alzheimer's Coordinating Center | (206) 543-8637 | fax: (206) 616-5927 | naccmail@uw.edu | www.alz.washington.edu <b>UDS </b>(Version 3.0, March 2015) <b>Initial Visit Form C2:  Neuropsychological Battery Scores</b>",,,,,,,,,,,,,
